0,1,2,3,4,5,6
Commercial,Middle East,46452 to 92903,"500,001 to 1 million",More than 25,40.0,2521.63
Commercial,North America,46452 to 92903,"500,001 to 1 million",7 to 14,40.0,1332.55
Commercial,Europe,46452 to 92903,"500,001 to 1 million",More than 25,40.0,1031.76
Commercial,North America,930 to 2323,"10,001 to 25,000",1 to 6,40.0,938.69
Commercial,Asia-Pacific,Over 92903,Over 1 million,15 to 25,40.0,937.59
Commercial,Asia-Pacific,46452 to 92903,"500,001 to 1 million",1 to 6,40.0,923.3
Commercial,North America,18581 to 46451,"200,001 to 500,000",1 to 6,40.0,917.93
Commercial,North America,18581 to 46451,"200,001 to 500,000",1 to 6,40.0,882.65
Commercial,North America,46452 to 92903,"500,001 to 1 million",1 to 6,40.0,844.49
Commercial,North America,Over 92903,Over 1 million,More than 25,40.0,772.05
Commercial,Asia-Pacific,Over 92903,Over 1 million,More than 25,40.0,748.03
Commercial,Asia-Pacific,46452 to 92903,"500,001 to 1 million",1 to 6,40.0,740.7
Commercial,North America,Over 92903,Over 1 million,15 to 25,40.0,733.88
Residential,Asia-Pacific,18581 to 46451,"200,001 to 500,000",More than 25,40.0,731.63
Commercial,North America,46452 to 92903,"500,001 to 1 million",1 to 6,40.0,730.52
Commercial,Asia-Pacific,Over 92903,Over 1 million,1 to 6,40.0,724.64
Commercial,Asia-Pacific,9291 to 18580,"100,001 to 200,000",1 to 6,40.0,722.29
Commercial,North America,46452 to 92903,"500,001 to 1 million",7 to 14,40.0,717.52
Commercial,Asia-Pacific,18581 to 46451,"200,001 to 500,000",1 to 6,40.0,704.78
Commercial,Middle East,Over 92903,Over 1 million,More than 25,40.0,687.05
Commercial,Asia-Pacific,4646 to 9290,"50,001 to 100,000",1 to 6,40.0,685.14
Residential,Asia-Pacific,18581 to 46451,"200,001 to 500,000",More than 25,40.0,682.25
Residential,Asia-Pacific,18581 to 46451,"200,001 to 500,000",15 to 25,40.0,674.22
Commercial,Asia-Pacific,4646 to 9290,"50,001 to 100,000",7 to 14,40.0,673.25
Commercial,Europe,Over 92903,Over 1 million,More than 25,40.0,645.19
Commercial,Asia-Pacific,18581 to 46451,"200,001 to 500,000",15 to 25,40.0,643.89
Commercial,Asia-Pacific,Over 92903,Over 1 million,More than 25,40.0,636.62
Commercial,Asia-Pacific,Over 92903,Over 1 million,More than 25,40.0,620.59
Commercial,Asia-Pacific,9291 to 18580,"100,001 to 200,000",7 to 14,40.0,619.74
Commercial,Asia-Pacific,Over 92903,Over 1 million,More than 25,40.0,603.72
Commercial,Middle East,Over 92903,Over 1 million,More than 25,40.0,595.91
Commercial,Asia-Pacific,Over 92903,Over 1 million,More than 25,40.0,590.35
Commercial,Asia-Pacific,46452 to 92903,"500,001 to 1 million",More than 25,40.0,583.2
Commercial,Asia-Pacific,9291 to 18580,"100,001 to 200,000",1 to 6,40.0,582.83
Residential,North America,46452 to 92903,"500,001 to 1 million",More than 25,40.0,581.32
Commercial,Asia-Pacific,4646 to 9290,"50,001 to 100,000",1 to 6,40.0,579.16
Commercial,North America,18581 to 46451,"200,001 to 500,000",1 to 6,40.0,578.9
Commercial,Europe,9291 to 18580,"100,001 to 200,000",7 to 14,40.0,575.17
Commercial,North America,Over 92903,Over 1 million,15 to 25,40.0,574.36
Commercial,Asia-Pacific,46452 to 92903,"500,001 to 1 million",1 to 6,40.0,572.07
Commercial,Asia-Pacific,46452 to 92903,"500,001 to 1 million",7 to 14,40.0,563.73
Commercial,North America,18581 to 46451,"200,001 to 500,000",More than 25,40.0,561.49
Residential,North America,46452 to 92903,"500,001 to 1 million",More than 25,40.0,553.79
Commercial,Asia-Pacific,4646 to 9290,"50,001 to 100,000",More than 25,40.0,542.2
Commercial,Asia-Pacific,46452 to 92903,"500,001 to 1 million",More than 25,40.0,533.9
Commercial,Asia-Pacific,46452 to 92903,"500,001 to 1 million",More than 25,40.0,533.58
Commercial,Asia-Pacific,9291 to 18580,"100,001 to 200,000",15 to 25,40.0,529.3
Commercial,Asia-Pacific,46452 to 92903,"500,001 to 1 million",More than 25,40.0,525.5
Commercial,Middle East,Over 92903,Over 1 million,1 to 6,40.0,522.68
Commercial,Asia-Pacific,46452 to 92903,"500,001 to 1 million",More than 25,40.0,521.6
Commercial,North America,466 to 929,"5,001 to 10,000",1 to 6,40.0,517.89
Commercial,Europe,46452 to 92903,"500,001 to 1 million",More than 25,40.0,517.12
Commercial,Asia-Pacific,46452 to 92903,"500,001 to 1 million",More than 25,40.0,514.75
Residential,Asia-Pacific,18581 to 46451,"200,001 to 500,000",15 to 25,40.0,511.46
Commercial,North America,46452 to 92903,"500,001 to 1 million",7 to 14,40.0,511.39
Commercial,Europe,46452 to 92903,"500,001 to 1 million",More than 25,40.0,505.26
Commercial,Asia-Pacific,46452 to 92903,"500,001 to 1 million",15 to 25,40.0,503.81
Commercial,Asia-Pacific,46452 to 92903,"500,001 to 1 million",1 to 6,40.0,501.89
Commercial,Asia-Pacific,18581 to 46451,"200,001 to 500,000",1 to 6,40.0,493.88
Commercial,Asia-Pacific,18581 to 46451,"200,001 to 500,000",7 to 14,40.0,492.23
Commercial,Asia-Pacific,Over 92903,Over 1 million,7 to 14,40.0,491.75
Commercial,Asia-Pacific,46452 to 92903,"500,001 to 1 million",More than 25,40.0,491.74
Commercial,Asia-Pacific,Over 92903,Over 1 million,More than 25,40.0,490.19
Commercial,Asia-Pacific,Over 92903,Over 1 million,15 to 25,40.0,490.11
Commercial,Asia-Pacific,Over 92903,Over 1 million,More than 25,40.0,485.95
Commercial,Asia-Pacific,18581 to 46451,"200,001 to 500,000",More than 25,40.0,485.79
Residential,Asia-Pacific,46452 to 92903,"500,001 to 1 million",More than 25,40.0,478.97
Commercial,North America,9291 to 18580,"100,001 to 200,000",1 to 6,40.0,473.77
Commercial,Asia-Pacific,Over 92903,Over 1 million,More than 25,40.0,473.32
Residential,Asia-Pacific,46452 to 92903,"500,001 to 1 million",7 to 14,40.0,473.26
Commercial,Asia-Pacific,Over 92903,Over 1 million,7 to 14,40.0,472.28
Commercial,Asia-Pacific,Over 92903,Over 1 million,7 to 14,40.0,471.3
Residential,North America,46452 to 92903,"500,001 to 1 million",More than 25,40.0,470.11
Commercial,North America,46452 to 92903,"500,001 to 1 million",More than 25,40.0,469.77
Commercial,Asia-Pacific,4646 to 9290,"50,001 to 100,000",1 to 6,40.0,467.69
Commercial,Asia-Pacific,930 to 2323,"10,001 to 25,000",7 to 14,40.0,466.84
Residential,North America,Over 92903,Over 1 million,More than 25,40.0,465.66
Commercial,Asia-Pacific,Over 92903,Over 1 million,More than 25,40.0,465.02
Commercial,Asia-Pacific,18581 to 46451,"200,001 to 500,000",More than 25,40.0,464.89
Commercial,North America,46452 to 92903,"500,001 to 1 million",15 to 25,40.0,464.32
Commercial,Asia-Pacific,46452 to 92903,"500,001 to 1 million",More than 25,40.0,462.89
Commercial,Asia-Pacific,46452 to 92903,"500,001 to 1 million",15 to 25,40.0,457.53
Commercial,Middle East,Over 92903,Over 1 million,More than 25,40.0,455.78
Commercial,North America,46452 to 92903,"500,001 to 1 million",7 to 14,40.0,451.28
Commercial,Europe,9291 to 18580,"100,001 to 200,000",7 to 14,40.0,446.21
Residential,Asia-Pacific,9291 to 18580,"100,001 to 200,000",7 to 14,40.0,440.55
Commercial,Asia-Pacific,46452 to 92903,"500,001 to 1 million",More than 25,40.0,439.96
Commercial,Asia-Pacific,46452 to 92903,"500,001 to 1 million",More than 25,40.0,439.41
Residential,Asia-Pacific,9291 to 18580,"100,001 to 200,000",7 to 14,40.0,436.33
Commercial,North America,18581 to 46451,"200,001 to 500,000",1 to 6,40.0,436.12
Commercial,Asia-Pacific,9291 to 18580,"100,001 to 200,000",7 to 14,40.0,435.64
Commercial,North America,2324 to 4645,"25,001 to 50,000",1 to 6,40.0,434.15
Residential,North America,18581 to 46451,"200,001 to 500,000",15 to 25,40.0,432.01
Commercial,Asia-Pacific,46452 to 92903,"500,001 to 1 million",More than 25,40.0,430.91
Commercial,Asia-Pacific,18581 to 46451,"200,001 to 500,000",15 to 25,40.0,425.53
Commercial,Asia-Pacific,46452 to 92903,"500,001 to 1 million",More than 25,40.0,423.37
Commercial,Asia-Pacific,Over 92903,Over 1 million,More than 25,40.0,422.82
Commercial,North America,46452 to 92903,"500,001 to 1 million",15 to 25,40.0,418.31
Residential,Asia-Pacific,18581 to 46451,"200,001 to 500,000",1 to 6,40.0,416.98
Commercial,North America,Over 92903,Over 1 million,More than 25,40.0,416.63
Commercial,Europe,18581 to 46451,"200,001 to 500,000",7 to 14,40.0,415.61
Commercial,North America,18581 to 46451,"200,001 to 500,000",1 to 6,40.0,415.26
Residential,Asia-Pacific,18581 to 46451,"200,001 to 500,000",1 to 6,40.0,413.97
Residential,Asia-Pacific,2324 to 4645,"25,001 to 50,000",7 to 14,40.0,404.68
Residential,Asia-Pacific,46452 to 92903,"500,001 to 1 million",More than 25,40.0,403.27
Residential,Asia-Pacific,4646 to 9290,"50,001 to 100,000",7 to 14,40.0,401.06
Commercial,Asia-Pacific,Over 92903,Over 1 million,More than 25,40.0,398.34
Residential,North America,18581 to 46451,"200,001 to 500,000",More than 25,40.0,395.21
Commercial,Asia-Pacific,46452 to 92903,"500,001 to 1 million",15 to 25,40.0,391.98
Commercial,Asia-Pacific,18581 to 46451,"200,001 to 500,000",More than 25,40.0,387.9
Commercial,Asia-Pacific,46452 to 92903,"500,001 to 1 million",More than 25,40.0,386.92
Residential,North America,46452 to 92903,"500,001 to 1 million",15 to 25,40.0,382.12
Residential,Asia-Pacific,18581 to 46451,"200,001 to 500,000",More than 25,40.0,377.97
Commercial,North America,4646 to 9290,"50,001 to 100,000",1 to 6,40.0,376.77
Commercial,Asia-Pacific,Over 92903,Over 1 million,More than 25,40.0,376.55
Commercial,Europe,18581 to 46451,"200,001 to 500,000",7 to 14,40.0,374.09
Commercial,North America,46452 to 92903,"500,001 to 1 million",7 to 14,40.0,373.32
Commercial,Asia-Pacific,18581 to 46451,"200,001 to 500,000",1 to 6,40.0,371.39
Commercial,North America,9291 to 18580,"100,001 to 200,000",1 to 6,40.0,371.22
Commercial,Asia-Pacific,46452 to 92903,"500,001 to 1 million",More than 25,40.0,369.65
Commercial,North America,9291 to 18580,"100,001 to 200,000",1 to 6,40.0,369.16
Commercial,Asia-Pacific,46452 to 92903,"500,001 to 1 million",15 to 25,40.0,367.59
Commercial,North America,9291 to 18580,"100,001 to 200,000",1 to 6,40.0,367.47
Residential,North America,18581 to 46451,"200,001 to 500,000",7 to 14,40.0,365.74
Commercial,North America,18581 to 46451,"200,001 to 500,000",7 to 14,40.0,363.77
Commercial,Asia-Pacific,Over 92903,Over 1 million,7 to 14,40.0,363.71
Commercial,North America,46452 to 92903,"500,001 to 1 million",7 to 14,40.0,359.4
Commercial,Europe,9291 to 18580,"100,001 to 200,000",7 to 14,40.0,356.64
Commercial,Asia-Pacific,9291 to 18580,"100,001 to 200,000",15 to 25,40.0,354.58
Commercial,Asia-Pacific,Over 92903,Over 1 million,More than 25,40.0,351.45
Commercial,Middle East,46452 to 92903,"500,001 to 1 million",15 to 25,40.0,349.87
Residential,North America,18581 to 46451,"200,001 to 500,000",15 to 25,40.0,349.02
Commercial,Europe,46452 to 92903,"500,001 to 1 million",More than 25,40.0,345.82
Commercial,Asia-Pacific,9291 to 18580,"100,001 to 200,000",1 to 6,40.0,344.79
Commercial,North America,4646 to 9290,"50,001 to 100,000",1 to 6,40.0,344.24
Residential,North America,Over 92903,Over 1 million,More than 25,40.0,343.97
Residential,North America,18581 to 46451,"200,001 to 500,000",More than 25,40.0,341.67
Residential,Asia-Pacific,46452 to 92903,"500,001 to 1 million",More than 25,40.0,337.64
Commercial,Asia-Pacific,18581 to 46451,"200,001 to 500,000",1 to 6,40.0,336.78
Commercial,North America,18581 to 46451,"200,001 to 500,000",More than 25,40.0,334.13
Commercial,North America,18581 to 46451,"200,001 to 500,000",More than 25,40.0,333.84
Commercial,Asia-Pacific,18581 to 46451,"200,001 to 500,000",1 to 6,40.0,333.82
Commercial,Asia-Pacific,9291 to 18580,"100,001 to 200,000",7 to 14,40.0,330.38
Residential,North America,18581 to 46451,"200,001 to 500,000",15 to 25,40.0,329.21
Commercial,Asia-Pacific,9291 to 18580,"100,001 to 200,000",1 to 6,40.0,320.76
Commercial,North America,46452 to 92903,"500,001 to 1 million",More than 25,40.0,317.23
Commercial,Asia-Pacific,18581 to 46451,"200,001 to 500,000",1 to 6,40.0,314.93
Commercial,North America,Over 92903,Over 1 million,More than 25,40.0,314.44
Commercial,North America,46452 to 92903,"500,001 to 1 million",More than 25,40.0,313.63
Residential,South America,18581 to 46451,"200,001 to 500,000",15 to 25,40.0,310.47
Commercial,North America,46452 to 92903,"500,001 to 1 million",15 to 25,40.0,310.4
Commercial,North America,18581 to 46451,"200,001 to 500,000",7 to 14,40.0,309.79
Residential,Europe,46452 to 92903,"500,001 to 1 million",15 to 25,40.0,308.56
Commercial,North America,18581 to 46451,"200,001 to 500,000",7 to 14,40.0,308.43
Commercial,North America,Over 92903,Over 1 million,More than 25,40.0,308.32
Commercial,North America,18581 to 46451,"200,001 to 500,000",7 to 14,40.0,300.12
Residential,North America,9291 to 18580,"100,001 to 200,000",7 to 14,40.0,299.21
Residential,North America,46452 to 92903,"500,001 to 1 million",More than 25,40.0,296.6
Commercial,North America,18581 to 46451,"200,001 to 500,000",15 to 25,40.0,293.19
Commercial,North America,46452 to 92903,"500,001 to 1 million",1 to 6,40.0,290.0
Commercial,Asia-Pacific,2324 to 4645,"25,001 to 50,000",1 to 6,40.0,287.36
Residential,Europe,9291 to 18580,"100,001 to 200,000",7 to 14,40.0,284.02
Commercial,Europe,46452 to 92903,"500,001 to 1 million",7 to 14,40.0,283.83
Commercial,Middle East,9291 to 18580,"100,001 to 200,000",7 to 14,40.0,277.61
Commercial,North America,46452 to 92903,"500,001 to 1 million",1 to 6,40.0,277.15
Commercial,North America,2324 to 4645,"25,001 to 50,000",1 to 6,40.0,272.6
Commercial,North America,18581 to 46451,"200,001 to 500,000",1 to 6,40.0,270.4
Commercial,North America,Over 92903,Over 1 million,7 to 14,40.0,254.88
Residential,North America,18581 to 46451,"200,001 to 500,000",7 to 14,40.0,250.26
Commercial,North America,46452 to 92903,"500,001 to 1 million",7 to 14,40.0,248.17
Commercial,North America,4646 to 9290,"50,001 to 100,000",1 to 6,40.0,246.64
Commercial,Asia-Pacific,18581 to 46451,"200,001 to 500,000",1 to 6,40.0,245.4
Commercial,North America,18581 to 46451,"200,001 to 500,000",1 to 6,40.0,244.25
Commercial,North America,46452 to 92903,"500,001 to 1 million",More than 25,40.0,242.93
Commercial,Asia-Pacific,9291 to 18580,"100,001 to 200,000",1 to 6,40.0,242.18
Commercial,North America,9291 to 18580,"100,001 to 200,000",1 to 6,40.0,234.87
Commercial,North America,9291 to 18580,"100,001 to 200,000",1 to 6,40.0,233.81
Commercial,North America,18581 to 46451,"200,001 to 500,000",7 to 14,40.0,225.27
Commercial,Asia-Pacific,9291 to 18580,"100,001 to 200,000",1 to 6,40.0,217.14
Commercial,North America,9291 to 18580,"100,001 to 200,000",7 to 14,40.0,215.95
Commercial,North America,18581 to 46451,"200,001 to 500,000",1 to 6,40.0,212.57
Commercial,Europe,18581 to 46451,"200,001 to 500,000",7 to 14,40.0,212.04
Commercial,North America,9291 to 18580,"100,001 to 200,000",1 to 6,40.0,182.17
Commercial,North America,18581 to 46451,"200,001 to 500,000",15 to 25,40.0,180.02
Commercial,North America,9291 to 18580,"100,001 to 200,000",7 to 14,40.0,165.08
Commercial,North America,46452 to 92903,"500,001 to 1 million",1 to 6,40.0,129.03
Commercial,Asia-Pacific,18581 to 46451,"200,001 to 500,000",7 to 14,40.0,125.47
Commercial,Europe,46452 to 92903,"500,001 to 1 million",1 to 6,,793.88
Commercial,Europe,930 to 2323,"10,001 to 25,000",1 to 6,,729.61
Commercial,Europe,4646 to 9290,"50,001 to 100,000",1 to 6,60.0,700.0
Commercial,Europe,2324 to 4645,"25,001 to 50,000",7 to 14,,672.05
Residential,Europe,2324 to 4645,"25,001 to 50,000",7 to 14,,668.33
Residential,Europe,94 to 465,"1,001 to 5,000",7 to 14,60.0,664.6
Commercial,Europe,9291 to 18580,"100,001 to 200,000",7 to 14,60.0,660.88
Commercial,Europe,4646 to 9290,"50,001 to 100,000",7 to 14,60.0,657.15
Commercial,Europe,9291 to 18580,"100,001 to 200,000",7 to 14,,653.43
Residential,Europe,18581 to 46451,"200,001 to 500,000",7 to 14,,649.71
Commercial,Europe,46452 to 92903,"500,001 to 1 million",7 to 14,,645.98
Commercial,Europe,46452 to 92903,"500,001 to 1 million",7 to 14,,642.26
Commercial,Europe,18581 to 46451,"200,001 to 500,000",1 to 6,60.0,640.75
Commercial,Europe,18581 to 46451,"200,001 to 500,000",7 to 14,60.0,638.53
Commercial,Europe,930 to 2323,"10,001 to 25,000",7 to 14,,634.81
Commercial,Europe,2324 to 4645,"25,001 to 50,000",7 to 14,,631.08
Commercial,Europe,46452 to 92903,"500,001 to 1 million",7 to 14,,627.36
Residential,Europe,2324 to 4645,"25,001 to 50,000",7 to 14,,623.64
Residential,Europe,2324 to 4645,"25,001 to 50,000",7 to 14,,619.91
Commercial,Europe,93 or less,"1,000 or less",7 to 14,,616.19
Commercial,Europe,93 or less,"1,000 or less",7 to 14,,612.46
Commercial,Europe,93 or less,"1,000 or less",7 to 14,,608.74
Commercial,Europe,93 or less,"1,000 or less",7 to 14,,605.01
Commercial,Europe,93 or less,"1,000 or less",7 to 14,,601.29
Commercial,Europe,93 or less,"1,000 or less",7 to 14,,597.57
Commercial,Europe,18581 to 46451,"200,001 to 500,000",7 to 14,,597.0
Commercial,Europe,93 or less,"1,000 or less",7 to 14,,593.84
Commercial,Europe,93 or less,"1,000 or less",7 to 14,,590.12
Commercial,Europe,18581 to 46451,"200,001 to 500,000",7 to 14,,586.39
Commercial,Europe,18581 to 46451,"200,001 to 500,000",7 to 14,,582.67
Commercial,Europe,18581 to 46451,"200,001 to 500,000",7 to 14,,578.95
Commercial,Europe,18581 to 46451,"200,001 to 500,000",7 to 14,,575.22
Commercial,Europe,18581 to 46451,"200,001 to 500,000",7 to 14,,571.5
Commercial,Europe,18581 to 46451,"200,001 to 500,000",7 to 14,,567.77
Commercial,Europe,2324 to 4645,"25,001 to 50,000",7 to 14,,564.05
Residential,Europe,2324 to 4645,"25,001 to 50,000",7 to 14,,560.32
Residential,Europe,94 to 465,"1,001 to 5,000",7 to 14,60.0,556.6
Commercial,Europe,9291 to 18580,"100,001 to 200,000",7 to 14,60.0,552.88
Commercial,Europe,4646 to 9290,"50,001 to 100,000",7 to 14,60.0,549.15
Commercial,Europe,9291 to 18580,"100,001 to 200,000",7 to 14,,545.43
Residential,Europe,18581 to 46451,"200,001 to 500,000",7 to 14,,541.7
Commercial,Europe,46452 to 92903,"500,001 to 1 million",7 to 14,,537.98
Residential,Europe,2324 to 4645,"25,001 to 50,000",7 to 14,,536.48
Commercial,Europe,46452 to 92903,"500,001 to 1 million",7 to 14,,534.25
Commercial,Europe,18581 to 46451,"200,001 to 500,000",7 to 14,60.0,530.53
Commercial,Europe,930 to 2323,"10,001 to 25,000",7 to 14,,526.81
Commercial,Europe,2324 to 4645,"25,001 to 50,000",7 to 14,,523.08
Commercial,Europe,46452 to 92903,"500,001 to 1 million",7 to 14,,519.36
Residential,Europe,2324 to 4645,"25,001 to 50,000",7 to 14,,515.63
Residential,Europe,2324 to 4645,"25,001 to 50,000",7 to 14,,511.91
Commercial,Europe,93 or less,"1,000 or less",7 to 14,,508.18
Commercial,Europe,93 or less,"1,000 or less",7 to 14,,504.46
Commercial,Europe,93 or less,"1,000 or less",7 to 14,,500.74
Commercial,Europe,93 or less,"1,000 or less",7 to 14,,497.01
Commercial,Europe,2324 to 4645,"25,001 to 50,000",7 to 14,,496.21
Commercial,Europe,93 or less,"1,000 or less",7 to 14,,493.29
Commercial,Europe,93 or less,"1,000 or less",7 to 14,,489.56
Commercial,Europe,93 or less,"1,000 or less",7 to 14,,485.84
Commercial,Europe,93 or less,"1,000 or less",7 to 14,,482.12
Commercial,Europe,18581 to 46451,"200,001 to 500,000",7 to 14,,478.39
Commercial,Europe,18581 to 46451,"200,001 to 500,000",7 to 14,,474.67
Commercial,Europe,18581 to 46451,"200,001 to 500,000",7 to 14,,470.94
Commercial,Europe,18581 to 46451,"200,001 to 500,000",7 to 14,,467.22
Commercial,Europe,18581 to 46451,"200,001 to 500,000",7 to 14,,463.49
Commercial,Europe,18581 to 46451,"200,001 to 500,000",7 to 14,,459.77
Commercial,Europe,2324 to 4645,"25,001 to 50,000",7 to 14,,456.05
Residential,Europe,2324 to 4645,"25,001 to 50,000",7 to 14,,452.32
Residential,Europe,94 to 465,"1,001 to 5,000",7 to 14,60.0,448.6
Commercial,Europe,9291 to 18580,"100,001 to 200,000",7 to 14,60.0,444.87
Commercial,Europe,4646 to 9290,"50,001 to 100,000",7 to 14,60.0,441.15
Commercial,Europe,9291 to 18580,"100,001 to 200,000",7 to 14,,437.42
Residential,Europe,18581 to 46451,"200,001 to 500,000",7 to 14,,433.7
Commercial,Europe,46452 to 92903,"500,001 to 1 million",7 to 14,,429.98
Commercial,Europe,46452 to 92903,"500,001 to 1 million",7 to 14,,426.25
Commercial,Europe,18581 to 46451,"200,001 to 500,000",7 to 14,60.0,422.53
Commercial,Europe,930 to 2323,"10,001 to 25,000",7 to 14,,418.8
Commercial,Europe,2324 to 4645,"25,001 to 50,000",7 to 14,,415.08
Commercial,Europe,46452 to 92903,"500,001 to 1 million",7 to 14,,411.36
Residential,Europe,2324 to 4645,"25,001 to 50,000",7 to 14,,407.63
Residential,Europe,2324 to 4645,"25,001 to 50,000",7 to 14,,403.91
Commercial,Europe,93 or less,"1,000 or less",7 to 14,,400.18
Commercial,Europe,93 or less,"1,000 or less",7 to 14,,396.46
Commercial,Europe,93 or less,"1,000 or less",7 to 14,,392.73
Commercial,Europe,93 or less,"1,000 or less",7 to 14,,389.01
Commercial,Europe,93 or less,"1,000 or less",7 to 14,,385.29
Commercial,Europe,93 or less,"1,000 or less",7 to 14,,381.56
Commercial,Europe,93 or less,"1,000 or less",7 to 14,,377.84
Commercial,Europe,93 or less,"1,000 or less",7 to 14,,374.11
Commercial,Europe,18581 to 46451,"200,001 to 500,000",7 to 14,,370.39
Commercial,Europe,18581 to 46451,"200,001 to 500,000",7 to 14,,366.66
Commercial,Europe,18581 to 46451,"200,001 to 500,000",7 to 14,,362.94
Commercial,Europe,18581 to 46451,"200,001 to 500,000",7 to 14,,359.22
Commercial,Europe,18581 to 46451,"200,001 to 500,000",7 to 14,,355.49
Commercial,Europe,18581 to 46451,"200,001 to 500,000",7 to 14,,351.77
Commercial,Europe,2324 to 4645,"25,001 to 50,000",7 to 14,,348.04
Residential,Europe,2324 to 4645,"25,001 to 50,000",7 to 14,,344.32
Commercial,Europe,2324 to 4645,"25,001 to 50,000",1 to 6,,341.86
Commercial,Europe,18581 to 46451,"200,001 to 500,000",7 to 14,,303.39
Commercial,Europe,18581 to 46451,"200,001 to 500,000",7 to 14,,273.55
Commercial,Europe,18581 to 46451,"200,001 to 500,000",7 to 14,,257.8
Commercial,Europe,18581 to 46451,"200,001 to 500,000",7 to 14,,247.03
Residential,Europe,2324 to 4645,"25,001 to 50,000",7 to 14,,220.02
Commercial,Europe,18581 to 46451,"200,001 to 500,000",7 to 14,,209.65
Residential,Europe,94 to 465,"1,001 to 5,000",1 to 6,60.0,200.0
Commercial,Europe,9291 to 18580,"100,001 to 200,000",1 to 6,60.0,100.0
Commercial,Europe,93 or less,"1,000 or less",More than 25,,70.0
Commercial,Europe,93 or less,"1,000 or less",More than 25,,70.0
Commercial,Europe,93 or less,"1,000 or less",More than 25,,70.0
Commercial,Europe,93 or less,"1,000 or less",7 to 14,,50.0
Commercial,Europe,93 or less,"1,000 or less",More than 25,,50.0
Residential,Europe,2324 to 4645,"25,001 to 50,000",7 to 14,,42.66
Commercial,Europe,93 or less,"1,000 or less",7 to 14,,30.0
Commercial,Europe,93 or less,"1,000 or less",7 to 14,,30.0
Commercial,Europe,93 or less,"1,000 or less",7 to 14,,10.0
Commercial,Europe,46452 to 92903,"500,001 to 1 million",More than 25,,
Commercial,Europe,46452 to 92903,"500,001 to 1 million",7 to 14,,
Residential,Europe,18581 to 46451,"200,001 to 500,000",7 to 14,,
Commercial,Europe,9291 to 18580,"100,001 to 200,000",1 to 6,,
Commercial,North America,466 to 929,"5,001 to 10,000",1 to 6,50.0,2745.0
Commercial,North America,930 to 2323,"10,001 to 25,000",1 to 6,50.0,2728.0
Commercial,Middle East,Over 92903,Over 1 million,More than 25,50.0,2661.0
Commercial,North America,4646 to 9290,"50,001 to 100,000",1 to 6,50.0,2156.0
Commercial,North America,930 to 2323,"10,001 to 25,000",1 to 6,50.0,2156.0
Commercial,North America,930 to 2323,"10,001 to 25,000",1 to 6,50.0,2066.0
Commercial,North America,466 to 929,"5,001 to 10,000",1 to 6,50.0,1929.0
Commercial,North America,9291 to 18580,"100,001 to 200,000",7 to 14,50.0,1874.0
Commercial,North America,18581 to 46451,"200,001 to 500,000",1 to 6,50.0,1829.0
Commercial,North America,18581 to 46451,"200,001 to 500,000",1 to 6,50.0,1824.0
Commercial,North America,2324 to 4645,"25,001 to 50,000",1 to 6,50.0,1803.0
Commercial,North America,930 to 2323,"10,001 to 25,000",1 to 6,50.0,1765.0
Commercial,North America,466 to 929,"5,001 to 10,000",1 to 6,50.0,1707.0
Commercial,North America,46452 to 92903,"500,001 to 1 million",1 to 6,50.0,1629.0
Commercial,North America,930 to 2323,"10,001 to 25,000",1 to 6,50.0,1604.0
Commercial,North America,930 to 2323,"10,001 to 25,000",1 to 6,50.0,1604.0
Commercial,North America,930 to 2323,"10,001 to 25,000",1 to 6,50.0,1604.0
Commercial,North America,930 to 2323,"10,001 to 25,000",1 to 6,50.0,1479.0
Commercial,North America,9291 to 18580,"100,001 to 200,000",1 to 6,50.0,1474.0
Commercial,North America,2324 to 4645,"25,001 to 50,000",1 to 6,50.0,1455.0
Commercial,North America,4646 to 9290,"50,001 to 100,000",1 to 6,50.0,1417.0
Commercial,North America,4646 to 9290,"50,001 to 100,000",1 to 6,50.0,1386.0
Commercial,North America,2324 to 4645,"25,001 to 50,000",1 to 6,50.0,1314.0
Commercial,North America,466 to 929,"5,001 to 10,000",1 to 6,50.0,1294.0
Commercial,North America,466 to 929,"5,001 to 10,000",1 to 6,50.0,1261.0
Commercial,Middle East,4646 to 9290,"50,001 to 100,000",1 to 6,50.0,1247.0
Commercial,North America,18581 to 46451,"200,001 to 500,000",1 to 6,50.0,1207.0
Commercial,North America,9291 to 18580,"100,001 to 200,000",1 to 6,50.0,1194.0
Commercial,North America,9291 to 18580,"100,001 to 200,000",1 to 6,50.0,1187.0
Commercial,North America,9291 to 18580,"100,001 to 200,000",7 to 14,50.0,1186.0
Commercial,North America,Over 92903,Over 1 million,More than 25,50.0,1167.0
Commercial,North America,930 to 2323,"10,001 to 25,000",15 to 25,50.0,1108.0
Commercial,North America,930 to 2323,"10,001 to 25,000",1 to 6,50.0,1082.0
Commercial,Asia-Pacific,930 to 2323,"10,001 to 25,000",1 to 6,50.0,1065.0
Commercial,Middle East,Over 92903,Over 1 million,More than 25,50.0,1060.0
Commercial,North America,466 to 929,"5,001 to 10,000",1 to 6,50.0,1009.0
Residential,North America,94 to 465,"1,001 to 5,000",1 to 6,50.0,1004.0
Commercial,North America,2324 to 4645,"25,001 to 50,000",1 to 6,50.0,1001.0
Commercial,North America,2324 to 4645,"25,001 to 50,000",1 to 6,50.0,995.0
Commercial,North America,9291 to 18580,"100,001 to 200,000",1 to 6,50.0,979.0
Residential,North America,4646 to 9290,"50,001 to 100,000",7 to 14,50.0,974.0
Commercial,North America,4646 to 9290,"50,001 to 100,000",1 to 6,50.0,950.0
Commercial,North America,18581 to 46451,"200,001 to 500,000",7 to 14,50.0,935.0
Commercial,North America,2324 to 4645,"25,001 to 50,000",1 to 6,50.0,927.0
Commercial,North America,9291 to 18580,"100,001 to 200,000",1 to 6,50.0,910.0
Commercial,North America,9291 to 18580,"100,001 to 200,000",1 to 6,50.0,910.0
Commercial,North America,930 to 2323,"10,001 to 25,000",1 to 6,50.0,876.0
Commercial,North America,930 to 2323,"10,001 to 25,000",1 to 6,50.0,873.0
Commercial,North America,2324 to 4645,"25,001 to 50,000",1 to 6,50.0,871.0
Commercial,Middle East,18581 to 46451,"200,001 to 500,000",More than 25,50.0,870.0
Commercial,North America,9291 to 18580,"100,001 to 200,000",1 to 6,50.0,863.0
Commercial,North America,2324 to 4645,"25,001 to 50,000",1 to 6,50.0,820.0
Commercial,North America,930 to 2323,"10,001 to 25,000",1 to 6,50.0,802.0
Commercial,North America,930 to 2323,"10,001 to 25,000",1 to 6,50.0,802.0
Commercial,North America,930 to 2323,"10,001 to 25,000",1 to 6,50.0,802.0
Commercial,North America,466 to 929,"5,001 to 10,000",1 to 6,50.0,795.0
Commercial,North America,4646 to 9290,"50,001 to 100,000",1 to 6,50.0,791.0
Commercial,North America,18581 to 46451,"200,001 to 500,000",1 to 6,50.0,790.0
Commercial,North America,18581 to 46451,"200,001 to 500,000",1 to 6,50.0,782.0
Residential,North America,466 to 929,"5,001 to 10,000",7 to 14,50.0,768.0
Commercial,North America,9291 to 18580,"100,001 to 200,000",1 to 6,50.0,746.0
Commercial,North America,18581 to 46451,"200,001 to 500,000",1 to 6,50.0,742.0
Commercial,Europe,4646 to 9290,"50,001 to 100,000",More than 25,50.0,701.0
Commercial,North America,4646 to 9290,"50,001 to 100,000",1 to 6,50.0,665.0
Commercial,North America,9291 to 18580,"100,001 to 200,000",1 to 6,50.0,662.0
Commercial,North America,94 to 465,"1,001 to 5,000",1 to 6,50.0,661.0
Commercial,North America,18581 to 46451,"200,001 to 500,000",7 to 14,50.0,661.0
Residential,North America,18581 to 46451,"200,001 to 500,000",More than 25,50.0,655.0
Commercial,North America,4646 to 9290,"50,001 to 100,000",1 to 6,50.0,652.0
Commercial,North America,4646 to 9290,"50,001 to 100,000",1 to 6,50.0,651.0
Commercial,North America,2324 to 4645,"25,001 to 50,000",1 to 6,50.0,648.0
Commercial,North America,2324 to 4645,"25,001 to 50,000",1 to 6,50.0,645.0
Commercial,North America,930 to 2323,"10,001 to 25,000",1 to 6,50.0,644.0
Commercial,Europe,2324 to 4645,"25,001 to 50,000",1 to 6,50.0,643.0
Residential,Asia-Pacific,Over 92903,Over 1 million,More than 25,50.0,639.0
Commercial,Middle East,18581 to 46451,"200,001 to 500,000",,50.0,626.0
Commercial,North America,4646 to 9290,"50,001 to 100,000",1 to 6,50.0,621.0
Commercial,North America,466 to 929,"5,001 to 10,000",1 to 6,50.0,617.0
Commercial,North America,9291 to 18580,"100,001 to 200,000",1 to 6,50.0,610.0
Commercial,North America,9291 to 18580,"100,001 to 200,000",1 to 6,50.0,601.0
Commercial,North America,18581 to 46451,"200,001 to 500,000",1 to 6,50.0,598.0
Commercial,Middle East,46452 to 92903,"500,001 to 1 million",More than 25,50.0,597.0
Commercial,North America,2324 to 4645,"25,001 to 50,000",1 to 6,50.0,594.0
Commercial,North America,18581 to 46451,"200,001 to 500,000",7 to 14,50.0,594.0
Commercial,North America,930 to 2323,"10,001 to 25,000",1 to 6,50.0,583.0
Commercial,North America,4646 to 9290,"50,001 to 100,000",1 to 6,50.0,577.0
Commercial,North America,4646 to 9290,"50,001 to 100,000",1 to 6,50.0,576.0
Commercial,Middle East,9291 to 18580,"100,001 to 200,000",1 to 6,50.0,570.0
Commercial,North America,Over 92903,Over 1 million,15 to 25,50.0,562.0
Commercial,North America,46452 to 92903,"500,001 to 1 million",7 to 14,50.0,561.0
Commercial,Middle East,2324 to 4645,"25,001 to 50,000",1 to 6,50.0,544.0
Commercial,North America,466 to 929,"5,001 to 10,000",1 to 6,50.0,542.0
Commercial,Asia-Pacific,46452 to 92903,"500,001 to 1 million",7 to 14,50.0,535.0
Commercial,North America,930 to 2323,"10,001 to 25,000",1 to 6,50.0,533.0
Commercial,North America,46452 to 92903,"500,001 to 1 million",15 to 25,50.0,533.0
Commercial,North America,466 to 929,"5,001 to 10,000",1 to 6,50.0,532.0
Commercial,North America,4646 to 9290,"50,001 to 100,000",1 to 6,50.0,529.0
Residential,Europe,18581 to 46451,"200,001 to 500,000",7 to 14,50.0,528.0
Commercial,North America,9291 to 18580,"100,001 to 200,000",1 to 6,50.0,516.0
Commercial,North America,930 to 2323,"10,001 to 25,000",1 to 6,50.0,515.0
Commercial,North America,9291 to 18580,"100,001 to 200,000",1 to 6,50.0,510.0
Commercial,North America,4646 to 9290,"50,001 to 100,000",1 to 6,50.0,509.0
Commercial,Africa,46452 to 92903,"500,001 to 1 million",7 to 14,50.0,508.0
Commercial,North America,18581 to 46451,"200,001 to 500,000",1 to 6,50.0,507.0
Commercial,North America,4646 to 9290,"50,001 to 100,000",1 to 6,50.0,487.0
Commercial,North America,930 to 2323,"10,001 to 25,000",1 to 6,50.0,485.0
Commercial,North America,4646 to 9290,"50,001 to 100,000",1 to 6,50.0,480.0
Commercial,North America,18581 to 46451,"200,001 to 500,000",7 to 14,50.0,480.0
Commercial,North America,930 to 2323,"10,001 to 25,000",1 to 6,50.0,478.0
Residential,North America,18581 to 46451,"200,001 to 500,000",7 to 14,50.0,459.0
Commercial,North America,4646 to 9290,"50,001 to 100,000",1 to 6,50.0,456.0
Commercial,Middle East,18581 to 46451,"200,001 to 500,000",15 to 25,50.0,453.0
Commercial,North America,18581 to 46451,"200,001 to 500,000",7 to 14,50.0,446.0
Commercial,North America,2324 to 4645,"25,001 to 50,000",1 to 6,50.0,445.0
Residential,North America,930 to 2323,"10,001 to 25,000",1 to 6,50.0,444.0
Commercial,Asia-Pacific,Over 92903,Over 1 million,More than 25,50.0,442.0
Commercial,North America,9291 to 18580,"100,001 to 200,000",1 to 6,50.0,440.0
Commercial,North America,46452 to 92903,"500,001 to 1 million",7 to 14,50.0,438.0
Commercial,,94 to 465,"1,001 to 5,000",More than 25,50.0,437.0
Residential,Europe,18581 to 46451,"200,001 to 500,000",7 to 14,50.0,437.0
Commercial,North America,18581 to 46451,"200,001 to 500,000",15 to 25,50.0,436.0
Commercial,North America,9291 to 18580,"100,001 to 200,000",1 to 6,50.0,435.0
Commercial,Middle East,46452 to 92903,"500,001 to 1 million",More than 25,50.0,433.0
Commercial,North America,46452 to 92903,"500,001 to 1 million",More than 25,50.0,428.0
Commercial,North America,9291 to 18580,"100,001 to 200,000",1 to 6,50.0,425.0
Residential,Asia-Pacific,46452 to 92903,"500,001 to 1 million",More than 25,50.0,424.0
Commercial,North America,2324 to 4645,"25,001 to 50,000",1 to 6,50.0,424.0
Commercial,Europe,2324 to 4645,"25,001 to 50,000",1 to 6,50.0,423.0
Commercial,North America,4646 to 9290,"50,001 to 100,000",7 to 14,50.0,422.0
Commercial,North America,18581 to 46451,"200,001 to 500,000",7 to 14,50.0,421.0
Commercial,Middle East,18581 to 46451,"200,001 to 500,000",1 to 6,50.0,416.0
Commercial,North America,4646 to 9290,"50,001 to 100,000",1 to 6,50.0,413.0
Commercial,North America,930 to 2323,"10,001 to 25,000",1 to 6,50.0,409.0
Commercial,Africa,18581 to 46451,"200,001 to 500,000",7 to 14,50.0,408.0
Commercial,North America,18581 to 46451,"200,001 to 500,000",7 to 14,50.0,406.0
Commercial,North America,Over 92903,Over 1 million,More than 25,50.0,405.0
Commercial,North America,Over 92903,Over 1 million,More than 25,50.0,402.0
Commercial,North America,9291 to 18580,"100,001 to 200,000",1 to 6,50.0,402.0
Commercial,Asia-Pacific,46452 to 92903,"500,001 to 1 million",More than 25,50.0,401.0
Commercial,North America,4646 to 9290,"50,001 to 100,000",1 to 6,50.0,401.0
Commercial,North America,18581 to 46451,"200,001 to 500,000",1 to 6,50.0,399.0
Commercial,North America,46452 to 92903,"500,001 to 1 million",7 to 14,50.0,392.0
Commercial,North America,4646 to 9290,"50,001 to 100,000",1 to 6,50.0,391.0
Commercial,North America,4646 to 9290,"50,001 to 100,000",1 to 6,50.0,389.0
Commercial,North America,18581 to 46451,"200,001 to 500,000",7 to 14,50.0,389.0
Commercial,North America,2324 to 4645,"25,001 to 50,000",1 to 6,50.0,386.0
Commercial,Middle East,46452 to 92903,"500,001 to 1 million",1 to 6,50.0,383.0
Commercial,North America,Over 92903,Over 1 million,1 to 6,50.0,381.0
Commercial,North America,18581 to 46451,"200,001 to 500,000",7 to 14,50.0,381.0
Commercial,North America,Over 92903,Over 1 million,More than 25,50.0,380.0
Commercial,Middle East,Over 92903,Over 1 million,More than 25,50.0,379.0
Commercial,North America,9291 to 18580,"100,001 to 200,000",1 to 6,50.0,377.0
Commercial,North America,18581 to 46451,"200,001 to 500,000",7 to 14,50.0,374.0
Commercial,North America,2324 to 4645,"25,001 to 50,000",1 to 6,50.0,371.0
Commercial,North America,Over 92903,Over 1 million,More than 25,50.0,364.0
Commercial,Middle East,Over 92903,Over 1 million,7 to 14,50.0,361.0
Commercial,North America,2324 to 4645,"25,001 to 50,000",1 to 6,50.0,359.0
Commercial,Asia-Pacific,Over 92903,Over 1 million,More than 25,50.0,356.0
Commercial,North America,18581 to 46451,"200,001 to 500,000",1 to 6,50.0,356.0
Residential,North America,46452 to 92903,"500,001 to 1 million",More than 25,50.0,355.0
Commercial,North America,930 to 2323,"10,001 to 25,000",1 to 6,50.0,352.0
Commercial,North America,2324 to 4645,"25,001 to 50,000",1 to 6,50.0,344.0
Commercial,North America,4646 to 9290,"50,001 to 100,000",1 to 6,50.0,343.0
Residential,Asia-Pacific,4646 to 9290,"50,001 to 100,000",15 to 25,50.0,342.0
Commercial,North America,46452 to 92903,"500,001 to 1 million",7 to 14,50.0,341.0
Commercial,North America,18581 to 46451,"200,001 to 500,000",7 to 14,50.0,341.0
Commercial,Middle East,9291 to 18580,"100,001 to 200,000",1 to 6,50.0,340.0
Commercial,North America,46452 to 92903,"500,001 to 1 million",15 to 25,50.0,336.0
Commercial,Middle East,Over 92903,Over 1 million,7 to 14,50.0,335.0
Commercial,Europe,4646 to 9290,"50,001 to 100,000",7 to 14,50.0,329.0
Residential,Asia-Pacific,Over 92903,Over 1 million,More than 25,50.0,328.0
Commercial,North America,18581 to 46451,"200,001 to 500,000",More than 25,50.0,328.0
Residential,North America,2324 to 4645,"25,001 to 50,000",1 to 6,50.0,328.0
Commercial,North America,4646 to 9290,"50,001 to 100,000",1 to 6,50.0,323.0
Commercial,North America,930 to 2323,"10,001 to 25,000",1 to 6,50.0,322.0
Commercial,Asia-Pacific,46452 to 92903,"500,001 to 1 million",7 to 14,50.0,321.0
Commercial,,94 to 465,"1,001 to 5,000",1 to 6,50.0,318.0
Commercial,Asia-Pacific,4646 to 9290,"50,001 to 100,000",15 to 25,50.0,317.0
Commercial,North America,466 to 929,"5,001 to 10,000",1 to 6,50.0,317.0
Residential,Asia-Pacific,Over 92903,Over 1 million,More than 25,50.0,316.0
Commercial,Middle East,18581 to 46451,"200,001 to 500,000",1 to 6,50.0,313.0
Commercial,North America,9291 to 18580,"100,001 to 200,000",7 to 14,50.0,310.0
Commercial,North America,2324 to 4645,"25,001 to 50,000",1 to 6,50.0,310.0
Residential,North America,18581 to 46451,"200,001 to 500,000",More than 25,50.0,309.0
Commercial,North America,9291 to 18580,"100,001 to 200,000",1 to 6,50.0,309.0
Commercial,North America,4646 to 9290,"50,001 to 100,000",1 to 6,50.0,304.0
Commercial,,94 to 465,"1,001 to 5,000",More than 25,50.0,300.0
Commercial,North America,2324 to 4645,"25,001 to 50,000",7 to 14,50.0,300.0
Commercial,North America,4646 to 9290,"50,001 to 100,000",7 to 14,50.0,294.0
Commercial,North America,46452 to 92903,"500,001 to 1 million",More than 25,50.0,294.0
Commercial,Africa,Over 92903,Over 1 million,More than 25,50.0,292.0
Residential,North America,4646 to 9290,"50,001 to 100,000",7 to 14,50.0,292.0
Commercial,North America,4646 to 9290,"50,001 to 100,000",1 to 6,50.0,289.0
Commercial,North America,46452 to 92903,"500,001 to 1 million",1 to 6,50.0,286.0
Commercial,North America,930 to 2323,"10,001 to 25,000",1 to 6,50.0,286.0
Commercial,North America,2324 to 4645,"25,001 to 50,000",1 to 6,50.0,286.0
Commercial,North America,9291 to 18580,"100,001 to 200,000",1 to 6,50.0,285.0
Commercial,North America,9291 to 18580,"100,001 to 200,000",7 to 14,50.0,285.0
Commercial,North America,Over 92903,Over 1 million,More than 25,50.0,283.0
Commercial,North America,930 to 2323,"10,001 to 25,000",1 to 6,50.0,277.0
Commercial,North America,9291 to 18580,"100,001 to 200,000",1 to 6,50.0,276.0
Commercial,North America,2324 to 4645,"25,001 to 50,000",1 to 6,50.0,274.0
Commercial,North America,4646 to 9290,"50,001 to 100,000",1 to 6,50.0,273.0
Commercial,North America,9291 to 18580,"100,001 to 200,000",1 to 6,50.0,272.0
Residential,,94 to 465,"1,001 to 5,000",1 to 6,50.0,266.0
Commercial,North America,Over 92903,Over 1 million,More than 25,50.0,266.0
Commercial,North America,4646 to 9290,"50,001 to 100,000",1 to 6,50.0,266.0
Commercial,North America,9291 to 18580,"100,001 to 200,000",1 to 6,50.0,264.0
Commercial,North America,4646 to 9290,"50,001 to 100,000",1 to 6,50.0,262.0
Commercial,North America,18581 to 46451,"200,001 to 500,000",15 to 25,50.0,261.0
Commercial,,94 to 465,"1,001 to 5,000",1 to 6,50.0,260.0
Residential,North America,4646 to 9290,"50,001 to 100,000",7 to 14,50.0,260.0
Commercial,North America,46452 to 92903,"500,001 to 1 million",More than 25,50.0,260.0
Commercial,Asia-Pacific,46452 to 92903,"500,001 to 1 million",7 to 14,50.0,259.0
Commercial,North America,18581 to 46451,"200,001 to 500,000",1 to 6,50.0,259.0
Commercial,North America,18581 to 46451,"200,001 to 500,000",1 to 6,50.0,258.0
Commercial,North America,2324 to 4645,"25,001 to 50,000",1 to 6,50.0,258.0
Commercial,North America,46452 to 92903,"500,001 to 1 million",More than 25,50.0,258.0
Residential,Asia-Pacific,46452 to 92903,"500,001 to 1 million",More than 25,50.0,257.0
Commercial,North America,18581 to 46451,"200,001 to 500,000",7 to 14,50.0,257.0
Commercial,North America,46452 to 92903,"500,001 to 1 million",7 to 14,50.0,256.0
Commercial,North America,Over 92903,Over 1 million,7 to 14,50.0,256.0
Commercial,North America,930 to 2323,"10,001 to 25,000",1 to 6,50.0,255.0
Commercial,North America,930 to 2323,"10,001 to 25,000",1 to 6,50.0,255.0
,,94 to 465,"1,001 to 5,000",1 to 6,50.0,255.0
Commercial,North America,46452 to 92903,"500,001 to 1 million",7 to 14,50.0,254.0
Commercial,North America,9291 to 18580,"100,001 to 200,000",1 to 6,50.0,254.0
Residential,,94 to 465,"1,001 to 5,000",1 to 6,50.0,253.0
Residential,North America,18581 to 46451,"200,001 to 500,000",More than 25,50.0,253.0
Commercial,North America,2324 to 4645,"25,001 to 50,000",1 to 6,50.0,252.0
Commercial,North America,4646 to 9290,"50,001 to 100,000",1 to 6,50.0,252.0
Commercial,North America,9291 to 18580,"100,001 to 200,000",1 to 6,50.0,252.0
Commercial,North America,9291 to 18580,"100,001 to 200,000",1 to 6,50.0,251.0
Commercial,North America,9291 to 18580,"100,001 to 200,000",1 to 6,50.0,248.0
Commercial,North America,4646 to 9290,"50,001 to 100,000",1 to 6,50.0,247.0
Commercial,North America,Over 92903,Over 1 million,More than 25,50.0,245.0
Commercial,North America,Over 92903,Over 1 million,More than 25,50.0,242.0
Commercial,North America,46452 to 92903,"500,001 to 1 million",1 to 6,50.0,241.0
Commercial,North America,18581 to 46451,"200,001 to 500,000",7 to 14,50.0,240.0
Commercial,North America,18581 to 46451,"200,001 to 500,000",1 to 6,50.0,237.0
Residential,Asia-Pacific,9291 to 18580,"100,001 to 200,000",15 to 25,50.0,236.0
Commercial,North America,46452 to 92903,"500,001 to 1 million",15 to 25,50.0,235.0
,,94 to 465,"1,001 to 5,000",1 to 6,50.0,233.0
Commercial,North America,4646 to 9290,"50,001 to 100,000",1 to 6,50.0,232.0
Commercial,North America,18581 to 46451,"200,001 to 500,000",1 to 6,50.0,231.0
Commercial,North America,4646 to 9290,"50,001 to 100,000",1 to 6,50.0,230.0
Commercial,North America,46452 to 92903,"500,001 to 1 million",15 to 25,50.0,229.0
Commercial,North America,18581 to 46451,"200,001 to 500,000",1 to 6,50.0,227.0
Commercial,North America,18581 to 46451,"200,001 to 500,000",7 to 14,50.0,225.0
Commercial,North America,Over 92903,Over 1 million,15 to 25,50.0,224.0
Commercial,North America,930 to 2323,"10,001 to 25,000",1 to 6,50.0,223.0
Commercial,North America,9291 to 18580,"100,001 to 200,000",7 to 14,50.0,221.0
Commercial,North America,2324 to 4645,"25,001 to 50,000",1 to 6,50.0,220.0
Commercial,North America,18581 to 46451,"200,001 to 500,000",1 to 6,50.0,213.0
Commercial,North America,4646 to 9290,"50,001 to 100,000",1 to 6,50.0,211.0
Commercial,North America,466 to 929,"5,001 to 10,000",1 to 6,50.0,211.0
Commercial,North America,46452 to 92903,"500,001 to 1 million",7 to 14,50.0,208.0
Commercial,North America,18581 to 46451,"200,001 to 500,000",15 to 25,50.0,207.0
Residential,North America,18581 to 46451,"200,001 to 500,000",15 to 25,50.0,206.0
Commercial,Asia-Pacific,46452 to 92903,"500,001 to 1 million",1 to 6,50.0,203.0
Commercial,North America,18581 to 46451,"200,001 to 500,000",1 to 6,50.0,203.0
Residential,North America,18581 to 46451,"200,001 to 500,000",More than 25,50.0,201.0
Residential,,94 to 465,"1,001 to 5,000",1 to 6,50.0,200.0
Commercial,North America,930 to 2323,"10,001 to 25,000",1 to 6,50.0,200.0
Commercial,North America,9291 to 18580,"100,001 to 200,000",1 to 6,50.0,199.0
Commercial,North America,46452 to 92903,"500,001 to 1 million",1 to 6,50.0,194.0
Commercial,North America,4646 to 9290,"50,001 to 100,000",1 to 6,50.0,192.0
Commercial,North America,18581 to 46451,"200,001 to 500,000",7 to 14,50.0,191.0
Commercial,North America,930 to 2323,"10,001 to 25,000",1 to 6,50.0,189.0
Residential,North America,46452 to 92903,"500,001 to 1 million",7 to 14,50.0,184.0
Commercial,North America,94 to 465,"1,001 to 5,000",1 to 6,50.0,181.0
Commercial,North America,18581 to 46451,"200,001 to 500,000",7 to 14,50.0,178.0
Commercial,North America,18581 to 46451,"200,001 to 500,000",7 to 14,50.0,177.0
Commercial,North America,18581 to 46451,"200,001 to 500,000",1 to 6,50.0,177.0
Commercial,North America,930 to 2323,"10,001 to 25,000",1 to 6,50.0,176.0
Commercial,North America,46452 to 92903,"500,001 to 1 million",7 to 14,50.0,176.0
Commercial,North America,18581 to 46451,"200,001 to 500,000",7 to 14,50.0,176.0
Commercial,North America,18581 to 46451,"200,001 to 500,000",7 to 14,50.0,173.0
Commercial,North America,18581 to 46451,"200,001 to 500,000",1 to 6,50.0,172.0
Commercial,North America,9291 to 18580,"100,001 to 200,000",1 to 6,50.0,171.0
Commercial,North America,18581 to 46451,"200,001 to 500,000",More than 25,50.0,171.0
Commercial,North America,46452 to 92903,"500,001 to 1 million",7 to 14,50.0,168.0
Commercial,North America,9291 to 18580,"100,001 to 200,000",1 to 6,50.0,168.0
Commercial,North America,18581 to 46451,"200,001 to 500,000",7 to 14,50.0,167.0
Commercial,North America,4646 to 9290,"50,001 to 100,000",1 to 6,50.0,157.0
Commercial,North America,9291 to 18580,"100,001 to 200,000",1 to 6,50.0,155.0
Commercial,North America,46452 to 92903,"500,001 to 1 million",7 to 14,50.0,153.0
Commercial,North America,4646 to 9290,"50,001 to 100,000",1 to 6,50.0,149.0
Commercial,North America,930 to 2323,"10,001 to 25,000",1 to 6,50.0,149.0
Commercial,North America,466 to 929,"5,001 to 10,000",1 to 6,50.0,143.0
Commercial,Africa,4646 to 9290,"50,001 to 100,000",1 to 6,50.0,142.0
Commercial,North America,9291 to 18580,"100,001 to 200,000",1 to 6,50.0,140.0
Commercial,North America,930 to 2323,"10,001 to 25,000",1 to 6,50.0,134.0
Commercial,North America,18581 to 46451,"200,001 to 500,000",7 to 14,50.0,133.0
Commercial,North America,930 to 2323,"10,001 to 25,000",1 to 6,50.0,129.0
Commercial,North America,4646 to 9290,"50,001 to 100,000",1 to 6,50.0,128.0
Commercial,North America,466 to 929,"5,001 to 10,000",1 to 6,50.0,127.0
Residential,North America,46452 to 92903,"500,001 to 1 million",15 to 25,50.0,126.0
Commercial,North America,4646 to 9290,"50,001 to 100,000",1 to 6,50.0,123.0
Commercial,North America,4646 to 9290,"50,001 to 100,000",7 to 14,50.0,119.0
Commercial,North America,4646 to 9290,"50,001 to 100,000",1 to 6,50.0,118.0
Commercial,North America,18581 to 46451,"200,001 to 500,000",1 to 6,50.0,117.0
Generic,North America,2324 to 4645,"25,001 to 50,000",1 to 6,50.0,112.0
Residential,Asia-Pacific,Over 92903,Over 1 million,15 to 25,50.0,111.0
Commercial,North America,9291 to 18580,"100,001 to 200,000",1 to 6,50.0,109.0
Commercial,North America,2324 to 4645,"25,001 to 50,000",More than 25,50.0,109.0
Commercial,North America,2324 to 4645,"25,001 to 50,000",1 to 6,50.0,106.0
Commercial,North America,18581 to 46451,"200,001 to 500,000",1 to 6,50.0,102.0
Commercial,North America,18581 to 46451,"200,001 to 500,000",1 to 6,50.0,100.0
Commercial,North America,46452 to 92903,"500,001 to 1 million",1 to 6,50.0,100.0
Commercial,North America,9291 to 18580,"100,001 to 200,000",1 to 6,50.0,93.0
Commercial,North America,466 to 929,"5,001 to 10,000",1 to 6,50.0,92.0
Commercial,North America,18581 to 46451,"200,001 to 500,000",7 to 14,50.0,90.0
Commercial,North America,466 to 929,"5,001 to 10,000",,,
Commercial,North America,930 to 2323,"10,001 to 25,000",,,
Commercial,Asia-Pacific,466 to 929,"5,001 to 10,000",,,
Residential,North America,2324 to 4645,"25,001 to 50,000",,,
Commercial,North America,94 to 465,"1,001 to 5,000",,,
Commercial,North America,94 to 465,"1,001 to 5,000",,,
Commercial,North America,466 to 929,"5,001 to 10,000",,,
NonCommercial,North America,94 to 465,"1,001 to 5,000",,,
Commercial,North America,2324 to 4645,"25,001 to 50,000",,,
Commercial,North America,466 to 929,"5,001 to 10,000",,,
Commercial,North America,94 to 465,"1,001 to 5,000",,,
Residential,North America,93 or less,"1,000 or less",,,
Commercial,North America,466 to 929,"5,001 to 10,000",,,
Commercial,North America,930 to 2323,"10,001 to 25,000",,,
Commercial,North America,94 to 465,"1,001 to 5,000",,,
Commercial,North America,930 to 2323,"10,001 to 25,000",,,
Commercial,North America,94 to 465,"1,001 to 5,000",,,
Commercial,Africa,2324 to 4645,"25,001 to 50,000",1 to 6,100.0,1209.71
Commercial,,2324 to 4645,"25,001 to 50,000",1 to 6,,1058.53
,,46452 to 92903,"500,001 to 1 million",1 to 6,120.0,1057.23
Residential,,93 or less,"1,000 or less",1 to 6,100.0,913.85
Residential,,93 or less,"1,000 or less",1 to 6,100.0,895.23
Residential,,93 or less,"1,000 or less",1 to 6,100.0,893.69
Residential,,93 or less,"1,000 or less",1 to 6,100.0,860.77
Commercial,Europe,18581 to 46451,"200,001 to 500,000",7 to 14,40.0,801.0
Commercial,,2324 to 4645,"25,001 to 50,000",1 to 6,60.0,783.0
Commercial,,2324 to 4645,"25,001 to 50,000",1 to 6,60.0,779.0
Commercial,,2324 to 4645,"25,001 to 50,000",1 to 6,60.0,775.0
Commercial,,2324 to 4645,"25,001 to 50,000",1 to 6,60.0,771.0
Commercial,Europe,46452 to 92903,"500,001 to 1 million",More than 25,50.0,762.25
Commercial,,2324 to 4645,"25,001 to 50,000",1 to 6,60.0,758.0
Commercial,,2324 to 4645,"25,001 to 50,000",1 to 6,60.0,754.0
Residential,,2324 to 4645,"25,001 to 50,000",7 to 14,60.0,751.83
Commercial,Middle East,Over 92903,Over 1 million,More than 25,60.0,747.72
Commercial,,2324 to 4645,"25,001 to 50,000",1 to 6,60.0,745.0
Commercial,,2324 to 4645,"25,001 to 50,000",1 to 6,60.0,743.0
Commercial,,2324 to 4645,"25,001 to 50,000",1 to 6,60.0,741.0
Commercial,,2324 to 4645,"25,001 to 50,000",1 to 6,60.0,739.0
Commercial,,2324 to 4645,"25,001 to 50,000",7 to 14,60.0,716.32
Commercial,,2324 to 4645,"25,001 to 50,000",1 to 6,,708.0
Commercial,,9291 to 18580,"100,001 to 200,000",7 to 14,,660.0
NonCommercial,,9291 to 18580,"100,001 to 200,000",7 to 14,50.0,659.8
,Europe,18581 to 46451,"200,001 to 500,000",1 to 6,50.0,645.1
Commercial,Europe,18581 to 46451,"200,001 to 500,000",7 to 14,60.0,638.54
Commercial,,9291 to 18580,"100,001 to 200,000",7 to 14,,636.0
Commercial,,9291 to 18580,"100,001 to 200,000",7 to 14,,635.0
Commercial,,9291 to 18580,"100,001 to 200,000",7 to 14,,627.0
Commercial,,9291 to 18580,"100,001 to 200,000",7 to 14,,616.0
Residential,,466 to 929,"5,001 to 10,000 ",1 to 6,,603.0
Commercial,,9291 to 18580,"100,001 to 200,000",1 to 6,,590.94
Residential,,93 or less,"1,000 or less",1 to 6,,568.62
Industrial,Europe,2324 to 4645,"25,001 to 50,000",1 to 6,60.0,565.61
Commercial,,9291 to 18580,"100,001 to 200,000",1 to 6,,563.88
Commercial,,9291 to 18580,"100,001 to 200,000",1 to 6,,557.57
Commercial,Europe,2324 to 4645,"25,001 to 50,000",1 to 6,40.0,556.13
Commercial,Europe,9291 to 18580,"100,001 to 200,000",1 to 6,60.0,552.4
Commercial,Europe,9291 to 18580,"100,001 to 200,000",7 to 14,60.0,546.67
Residential,,466 to 929,"5,001 to 10,000 ",1 to 6,,539.4
Residential,,93 or less,"1,000 or less",1 to 6,,539.23
Residential,,93 or less,"1,000 or less",1 to 6,,511.85
Commercial,,9291 to 18580,"100,001 to 200,000",1 to 6,,502.58
Commercial,Europe,46452 to 92903,"500,001 to 1 million",15 to 25,50.0,493.44
Residential,,93 or less,"1,000 or less",1 to 6,,492.77
Commercial,,4646 to 9290,"50,001 to 100,000",1 to 6,,490.0
Commercial,,9291 to 18580,"100,001 to 200,000",1 to 6,,476.98
Commercial,Asia-Pacific,2324 to 4645,"25,001 to 50,000",7 to 14,60.0,470.0
Commercial,,9291 to 18580,"100,001 to 200,000",1 to 6,,461.89
Commercial,,9291 to 18580,"100,001 to 200,000",1 to 6,,456.93
Commercial,,9291 to 18580,"100,001 to 200,000",7 to 14,,455.28
Commercial,Europe,2324 to 4645,"25,001 to 50,000",1 to 6,40.0,453.53
Commercial,,9291 to 18580,"100,001 to 200,000",1 to 6,,451.95
Commercial,,9291 to 18580,"100,001 to 200,000",1 to 6,,451.54
Commercial,,9291 to 18580,"100,001 to 200,000",1 to 6,,450.3
Commercial,,9291 to 18580,"100,001 to 200,000",1 to 6,,448.01
Commercial,,9291 to 18580,"100,001 to 200,000",1 to 6,,447.35
Commercial,,46452 to 92903,"500,001 to 1 million",1 to 6,25.0,442.0
Commercial,,9291 to 18580,"100,001 to 200,000",1 to 6,,438.12
Commercial,Asia-Pacific,2324 to 4645,"25,001 to 50,000",7 to 14,60.0,430.0
Commercial,Asia-Pacific,2324 to 4645,"25,001 to 50,000",7 to 14,60.0,420.0
Commercial,,9291 to 18580,"100,001 to 200,000",7 to 14,,415.95
Commercial,North America,4646 to 9290,"50,001 to 100,000",1 to 6,,411.0
Commercial,Asia-Pacific,2324 to 4645,"25,001 to 50,000",7 to 14,60.0,410.0
Commercial,Europe,4646 to 9290,"50,001 to 100,000",1 to 6,40.0,400.14
Commercial,Europe,9291 to 18580,"100,001 to 200,000",7 to 14,50.0,399.0
Commercial,Europe,4646 to 9290,"50,001 to 100,000",1 to 6,30.0,398.45
Commercial,,9291 to 18580,"100,001 to 200,000",7 to 14,,389.39
Commercial,,9291 to 18580,"100,001 to 200,000",7 to 14,,384.99
Commercial,North America,4646 to 9290,"50,001 to 100,000",1 to 6,,381.0
Commercial,,9291 to 18580,"100,001 to 200,000",7 to 14,,373.09
Commercial,,9291 to 18580,"100,001 to 200,000",7 to 14,,362.42
Commercial,,9291 to 18580,"100,001 to 200,000",7 to 14,,357.71
Residential,Europe,466 to 929,"5,001 to 10,000 ",1 to 6,40.0,353.39
Commercial,,9291 to 18580,"100,001 to 200,000",7 to 14,,353.14
Commercial,,46452 to 92903,"500,001 to 1 million",1 to 6,30.0,350.0
Residential,Europe,4646 to 9290,"50,001 to 100,000",7 to 14,50.0,321.79
Residential,,2324 to 4645,"25,001 to 50,000",7 to 14,60.0,320.24
Commercial,Asia-Pacific,2324 to 4645,"25,001 to 50,000",7 to 14,60.0,320.0
Residential,,93 or less,"1,000 or less",1 to 6,60.0,318.5
Residential,,93 or less,"1,000 or less",1 to 6,60.0,318.24
,,18581 to 46451,"200,001 to 500,000",1 to 6,40.0,318.02
Commercial,,9291 to 18580,"100,001 to 200,000",7 to 14,,315.0
Commercial,Europe,9291 to 18580,"100,001 to 200,000",1 to 6,50.0,309.0
Commercial,,9291 to 18580,"100,001 to 200,000",7 to 14,,308.0
Commercial,Asia-Pacific,2324 to 4645,"25,001 to 50,000",7 to 14,60.0,290.0
Residential,,93 or less,"1,000 or less",1 to 6,60.0,280.59
Commercial,North America,4646 to 9290,"50,001 to 100,000",1 to 6,60.0,274.23
NonCommercial,North America,930 to 2323,"10,001 to 25,000",1 to 6,,273.82
Residential,,93 or less,"1,000 or less",1 to 6,60.0,268.52
Residential,,94 to 465,"1,001 to 5,000",1 to 6,60.0,267.09
Residential,,94 to 465,"1,001 to 5,000",1 to 6,60.0,266.19
Residential,,94 to 465,"1,001 to 5,000",1 to 6,60.0,264.6
Residential,Europe,4646 to 9290,"50,001 to 100,000",7 to 14,50.0,261.34
Commercial,North America,4646 to 9290,"50,001 to 100,000",1 to 6,60.0,259.35
Commercial,North America,46452 to 92903,"500,001 to 1 million",1 to 6,,259.0
Residential,,93 or less,"1,000 or less",1 to 6,60.0,254.28
Commercial,North America,46452 to 92903,"500,001 to 1 million",1 to 6,,254.0
Residential,,93 or less,"1,000 or less",1 to 6,60.0,253.54
Residential,,93 or less,"1,000 or less",1 to 6,60.0,251.3
Commercial,,4646 to 9290,"50,001 to 100,000",1 to 6,60.0,245.92
NonCommercial,North America,930 to 2323,"10,001 to 25,000",1 to 6,,244.88
Residential,,93 or less,"1,000 or less",1 to 6,60.0,244.38
Residential,,93 or less,"1,000 or less",1 to 6,60.0,243.66
Commercial,North America,18581 to 46451,"200,001 to 500,000",7 to 14,60.0,237.0
Commercial,North America,18581 to 46451,"200,001 to 500,000",7 to 14,60.0,237.0
Commercial,North America,18581 to 46451,"200,001 to 500,000",7 to 14,60.0,237.0
Commercial,North America,18581 to 46451,"200,001 to 500,000",7 to 14,60.0,237.0
Commercial,North America,18581 to 46451,"200,001 to 500,000",7 to 14,60.0,232.0
Commercial,North America,18581 to 46451,"200,001 to 500,000",7 to 14,60.0,232.0
Commercial,North America,46452 to 92903,"500,001 to 1 million",7 to 14,60.0,229.89
Commercial,North America,46452 to 92903,"500,001 to 1 million",7 to 14,60.0,229.89
Residential,,94 to 465,"1,001 to 5,000",1 to 6,60.0,227.73
Residential,,93 or less,"1,000 or less",1 to 6,60.0,226.43
Commercial,North America,46452 to 92903,"500,001 to 1 million",7 to 14,60.0,225.0
Commercial,North America,46452 to 92903,"500,001 to 1 million",7 to 14,60.0,222.0
Commercial,North America,930 to 2323,"10,001 to 25,000",1 to 6,,209.14
,,,,1 to 6,,200.0
Residential,,93 or less,"1,000 or less",1 to 6,60.0,192.79
Commercial,North America,18581 to 46451,"200,001 to 500,000",7 to 14,60.0,192.0
Commercial,North America,18581 to 46451,"200,001 to 500,000",7 to 14,60.0,191.0
Commercial,North America,18581 to 46451,"200,001 to 500,000",7 to 14,60.0,191.0
Commercial,North America,18581 to 46451,"200,001 to 500,000",7 to 14,60.0,191.0
Commercial,North America,46452 to 92903,"500,001 to 1 million",7 to 14,60.0,186.24
Commercial,North America,46452 to 92903,"500,001 to 1 million",7 to 14,60.0,185.27
Residential,,93 or less,"1,000 or less",1 to 6,60.0,183.66
Commercial,North America,18581 to 46451,"200,001 to 500,000",7 to 14,60.0,183.0
Commercial,North America,18581 to 46451,"200,001 to 500,000",7 to 14,60.0,183.0
Residential,,94 to 465,"1,001 to 5,000",1 to 6,60.0,181.12
Commercial,North America,4646 to 9290,"50,001 to 100,000",7 to 14,60.0,181.06
Commercial,North America,4646 to 9290,"50,001 to 100,000",7 to 14,60.0,178.54
Commercial,North America,46452 to 92903,"500,001 to 1 million",7 to 14,60.0,177.0
Commercial,North America,46452 to 92903,"500,001 to 1 million",7 to 14,60.0,177.0
Residential,,94 to 465,"1,001 to 5,000",1 to 6,60.0,176.72
Commercial,North America,4646 to 9290,"50,001 to 100,000",1 to 6,,175.05
Residential,North America,94 to 465,"1,001 to 5,000",1 to 6,60.0,172.0
Commercial,North America,4646 to 9290,"50,001 to 100,000",1 to 6,,169.44
Residential,North America,94 to 465,"1,001 to 5,000",1 to 6,60.0,156.0
Commercial,North America,4646 to 9290,"50,001 to 100,000",7 to 14,60.0,150.23
Residential,North America,94 to 465,"1,001 to 5,000",1 to 6,60.0,149.0
Residential,North America,94 to 465,"1,001 to 5,000",1 to 6,60.0,149.0
Commercial,North America,9291 to 18580,"100,001 to 200,000",1 to 6,,144.0
Commercial,North America,18581 to 46451,"200,001 to 500,000",1 to 6,,142.05
Commercial,North America,4646 to 9290,"50,001 to 100,000",7 to 14,60.0,141.59
Commercial,North America,18581 to 46451,"200,001 to 500,000",1 to 6,,140.94
Residential,North America,94 to 465,"1,001 to 5,000",1 to 6,60.0,138.0
Commercial,North America,4646 to 9290,"50,001 to 100,000",7 to 14,60.0,136.97
Residential,North America,94 to 465,"1,001 to 5,000",1 to 6,60.0,133.0
Commercial,Asia-Pacific,2324 to 4645,"25,001 to 50,000",7 to 14,60.0,130.0
Commercial,North America,930 to 2323,"10,001 to 25,000",1 to 6,,129.98
Residential,North America,2324 to 4645,"25,001 to 50,000",1 to 6,60.0,124.0
Residential,North America,2324 to 4645,"25,001 to 50,000",1 to 6,60.0,122.0
Residential,North America,94 to 465,"1,001 to 5,000",1 to 6,60.0,119.0
Residential,North America,94 to 465,"1,001 to 5,000",1 to 6,60.0,119.0
Residential,North America,94 to 465,"1,001 to 5,000",1 to 6,60.0,115.24
Residential,North America,94 to 465,"1,001 to 5,000",1 to 6,60.0,114.0
Residential,North America,2324 to 4645,"25,001 to 50,000",1 to 6,60.0,110.0
Residential,North America,2324 to 4645,"25,001 to 50,000",1 to 6,60.0,109.0
Commercial,,9291 to 18580,"100,001 to 200,000",7 to 14,30.0,108.0
Residential,North America,94 to 465,"1,001 to 5,000",1 to 6,60.0,106.0
Residential,North America,94 to 465,"1,001 to 5,000",1 to 6,60.0,89.11
Residential,North America,2324 to 4645,"25,001 to 50,000",1 to 6,60.0,87.4
Residential,North America,2324 to 4645,"25,001 to 50,000",1 to 6,60.0,84.0
Commercial,,9291 to 18580,"100,001 to 200,000",7 to 14,30.0,82.0
Residential,North America,2324 to 4645,"25,001 to 50,000",1 to 6,60.0,82.0
Residential,North America,2324 to 4645,"25,001 to 50,000",1 to 6,60.0,80.0
Commercial,Asia-Pacific,2324 to 4645,"25,001 to 50,000",7 to 14,60.0,70.0
Commercial,North America,4646 to 9290,"50,001 to 100,000",7 to 14,60.0,
Commercial,North America,4646 to 9290,"50,001 to 100,000",7 to 14,60.0,
Residential,Asia-Pacific,94 to 465,"1,001 to 5,000",1 to 6,35.0,
Residential,Asia-Pacific,94 to 465,"1,001 to 5,000",1 to 6,35.0,
Commercial,Asia-Pacific,930 to 2323,"10,001 to 25,000",7 to 14,40.0,
Commercial,Asia-Pacific,930 to 2323,"10,001 to 25,000",7 to 14,40.0,
Commercial,Asia-Pacific,930 to 2323,"10,001 to 25,000",7 to 14,40.0,
Commercial,Asia-Pacific,930 to 2323,"10,001 to 25,000",7 to 14,40.0,
Commercial,Asia-Pacific,930 to 2323,"10,001 to 25,000",7 to 14,40.0,
Commercial,Asia-Pacific,930 to 2323,"10,001 to 25,000",7 to 14,40.0,
Commercial,Asia-Pacific,4646 to 9290,"50,001 to 100,000",7 to 14,40.0,
Commercial,Asia-Pacific,18581 to 46451,"200,001 to 500,000",7 to 14,40.0,
Commercial,Asia-Pacific,930 to 2323,"10,001 to 25,000",7 to 14,40.0,
Commercial,Asia-Pacific,930 to 2323,"10,001 to 25,000",7 to 14,40.0,
NonCommercial,Middle East,Over 92903,Over 1 million,7 to 14,,
NonCommercial,Middle East,Over 92903,Over 1 million,7 to 14,,
Commercial,,9291 to 18580,"100,001 to 200,000",7 to 14,,
Commercial,,9291 to 18580,"100,001 to 200,000",7 to 14,,
Commercial,,9291 to 18580,"100,001 to 200,000",7 to 14,,
Commercial,,9291 to 18580,"100,001 to 200,000",7 to 14,,
Commercial,,9291 to 18580,"100,001 to 200,000",7 to 14,,
Commercial,,9291 to 18580,"100,001 to 200,000",7 to 14,,
Commercial,,9291 to 18580,"100,001 to 200,000",7 to 14,,
Commercial,,9291 to 18580,"100,001 to 200,000",7 to 14,,
Commercial,,9291 to 18580,"100,001 to 200,000",7 to 14,,
Commercial,,9291 to 18580,"100,001 to 200,000",7 to 14,,
Commercial,,9291 to 18580,"100,001 to 200,000",7 to 14,,
Commercial,,9291 to 18580,"100,001 to 200,000",7 to 14,,
Commercial,,9291 to 18580,"100,001 to 200,000",7 to 14,,
Commercial,,9291 to 18580,"100,001 to 200,000",7 to 14,,
Commercial,,9291 to 18580,"100,001 to 200,000",1 to 6,,
Commercial,,9291 to 18580,"100,001 to 200,000",1 to 6,,
Commercial,,9291 to 18580,"100,001 to 200,000",1 to 6,,
Commercial,,9291 to 18580,"100,001 to 200,000",1 to 6,,
Commercial,,9291 to 18580,"100,001 to 200,000",1 to 6,,
Commercial,,9291 to 18580,"100,001 to 200,000",1 to 6,,
Commercial,,9291 to 18580,"100,001 to 200,000",1 to 6,,
Commercial,,9291 to 18580,"100,001 to 200,000",1 to 6,,
Commercial,,9291 to 18580,"100,001 to 200,000",1 to 6,,
Commercial,,9291 to 18580,"100,001 to 200,000",1 to 6,,
Commercial,,9291 to 18580,"100,001 to 200,000",1 to 6,,
Commercial,,9291 to 18580,"100,001 to 200,000",1 to 6,,
Commercial,,9291 to 18580,"100,001 to 200,000",1 to 6,,
Commercial,,9291 to 18580,"100,001 to 200,000",1 to 6,,
Commercial,,9291 to 18580,"100,001 to 200,000",1 to 6,,
Commercial,,9291 to 18580,"100,001 to 200,000",1 to 6,,
Commercial,,9291 to 18580,"100,001 to 200,000",1 to 6,,
Commercial,,9291 to 18580,"100,001 to 200,000",1 to 6,,
Commercial,,9291 to 18580,"100,001 to 200,000",1 to 6,,
Commercial,,9291 to 18580,"100,001 to 200,000",1 to 6,,
Commercial,,9291 to 18580,"100,001 to 200,000",1 to 6,,
Commercial,,9291 to 18580,"100,001 to 200,000",1 to 6,,
Commercial,,9291 to 18580,"100,001 to 200,000",1 to 6,,
Commercial,,9291 to 18580,"100,001 to 200,000",1 to 6,,
Commercial,,18581 to 46451,"200,001 to 500,000",1 to 6,,
Commercial,,18581 to 46451,"200,001 to 500,000",1 to 6,,
Commercial,,18581 to 46451,"200,001 to 500,000",1 to 6,,
Commercial,,9291 to 18580,"100,001 to 200,000",1 to 6,40.0,
Commercial,,9291 to 18580,"100,001 to 200,000",1 to 6,,
Commercial,,9291 to 18580,"100,001 to 200,000",1 to 6,,
Commercial,North America,46452 to 92903,"500,001 to 1 million",7 to 14,,
Commercial,North America,9291 to 18580,"100,001 to 200,000",1 to 6,,
Commercial,,2324 to 4645,"25,001 to 50,000",1 to 6,,
Commercial,North America,Over 92903,Over 1 million,More than 25,100.0,570.78
Commercial,North America,Over 92903,Over 1 million,More than 25,100.0,570.78
Commercial,North America,Over 92903,Over 1 million,More than 25,100.0,530.19
Commercial,Europe,Over 92903,Over 1 million,More than 25,100.0,516.61
Commercial,North America,Over 92903,Over 1 million,More than 25,100.0,515.1
Commercial,Europe,Over 92903,Over 1 million,More than 25,100.0,501.51
Commercial,North America,Over 92903,Over 1 million,More than 25,100.0,495.58
Commercial,North America,Over 92903,Over 1 million,More than 25,100.0,494.23
Commercial,Europe,Over 92903,Over 1 million,More than 25,100.0,491.04
Commercial,Europe,Over 92903,Over 1 million,More than 25,100.0,491.04
Commercial,North America,Over 92903,Over 1 million,More than 25,100.0,481.45
Commercial,North America,Over 92903,Over 1 million,More than 25,100.0,472.66
Commercial,North America,Over 92903,Over 1 million,More than 25,100.0,472.66
Commercial,North America,Over 92903,Over 1 million,More than 25,100.0,459.71
Commercial,North America,Over 92903,Over 1 million,More than 25,100.0,459.24
Commercial,Europe,Over 92903,Over 1 million,More than 25,100.0,431.26
Commercial,Europe,Over 92903,Over 1 million,More than 25,100.0,426.01
Commercial,Europe,Over 92903,Over 1 million,More than 25,100.0,426.01
Commercial,North America,Over 92903,Over 1 million,More than 25,100.0,422.81
Commercial,Europe,Over 92903,Over 1 million,More than 25,100.0,417.13
Commercial,North America,Over 92903,Over 1 million,More than 25,100.0,405.79
Commercial,North America,Over 92903,Over 1 million,More than 25,100.0,400.34
Commercial,North America,Over 92903,Over 1 million,More than 25,100.0,398.5
Commercial,Europe,Over 92903,Over 1 million,More than 25,100.0,396.13
Commercial,North America,Over 92903,Over 1 million,More than 25,100.0,382.75
Commercial,Europe,Over 92903,Over 1 million,More than 25,100.0,382.61
Commercial,North America,Over 92903,Over 1 million,More than 25,100.0,377.99
Commercial,Europe,Over 92903,Over 1 million,More than 25,100.0,372.07
Commercial,Europe,Over 92903,Over 1 million,More than 25,100.0,355.95
Commercial,North America,Over 92903,Over 1 million,More than 25,100.0,354.42
Commercial,Europe,Over 92903,Over 1 million,More than 25,100.0,353.89
Commercial,Europe,Over 92903,Over 1 million,More than 25,100.0,339.07
Commercial,Europe,Over 92903,Over 1 million,More than 25,100.0,338.83
Commercial,North America,Over 92903,Over 1 million,More than 25,100.0,337.92
Commercial,Europe,Over 92903,Over 1 million,More than 25,100.0,336.76
Commercial,Europe,Over 92903,Over 1 million,More than 25,100.0,309.22
Commercial,North America,Over 92903,Over 1 million,More than 25,100.0,307.52
Commercial,North America,Over 92903,Over 1 million,More than 25,100.0,306.63
Commercial,North America,Over 92903,Over 1 million,More than 25,100.0,304.65
Commercial,North America,Over 92903,Over 1 million,More than 25,100.0,301.89
Commercial,North America,Over 92903,Over 1 million,More than 25,100.0,299.72
Commercial,North America,Over 92903,Over 1 million,More than 25,100.0,294.99
Commercial,Europe,Over 92903,Over 1 million,More than 25,100.0,292.96
Commercial,Europe,Over 92903,Over 1 million,More than 25,100.0,285.46
Commercial,North America,Over 92903,Over 1 million,More than 25,100.0,285.46
Commercial,Europe,Over 92903,Over 1 million,More than 25,100.0,281.66
Commercial,North America,Over 92903,Over 1 million,More than 25,100.0,280.2
Commercial,North America,Over 92903,Over 1 million,More than 25,100.0,276.56
Commercial,Europe,Over 92903,Over 1 million,More than 25,100.0,273.31
Commercial,Europe,Over 92903,Over 1 million,More than 25,100.0,271.33
Commercial,Europe,Over 92903,Over 1 million,More than 25,100.0,270.89
Commercial,Europe,Over 92903,Over 1 million,More than 25,100.0,266.54
Commercial,Europe,Over 92903,Over 1 million,More than 25,100.0,265.63
Commercial,Europe,Over 92903,Over 1 million,More than 25,100.0,264.85
Commercial,North America,Over 92903,Over 1 million,More than 25,100.0,263.09
Commercial,Europe,Over 92903,Over 1 million,More than 25,100.0,262.0
Commercial,North America,Over 92903,Over 1 million,More than 25,100.0,258.18
Commercial,North America,Over 92903,Over 1 million,More than 25,100.0,253.55
Commercial,North America,Over 92903,Over 1 million,More than 25,100.0,253.19
Commercial,Europe,Over 92903,Over 1 million,More than 25,100.0,239.49
Commercial,Europe,Over 92903,Over 1 million,More than 25,100.0,237.61
Commercial,Europe,Over 92903,Over 1 million,More than 25,100.0,233.13
Commercial,Europe,Over 92903,Over 1 million,More than 25,100.0,232.97
Commercial,Europe,Over 92903,Over 1 million,More than 25,100.0,231.73
NonCommercial,North America,94 to 465,"1,001 to 5,000",1 to 6,,
NonCommercial,North America,94 to 465,"1,001 to 5,000",1 to 6,,
NonCommercial,North America,94 to 465,"1,001 to 5,000",1 to 6,,
NonCommercial,North America,94 to 465,"1,001 to 5,000",1 to 6,,
Residential,Asia-Pacific,2324 to 4645,"25,001 to 50,000",,100.0,2464.99
Residential,Asia-Pacific,2324 to 4645,"25,001 to 50,000",,100.0,2464.99
Residential,Asia-Pacific,2324 to 4645,"25,001 to 50,000",,100.0,2464.99
Residential,Asia-Pacific,2324 to 4645,"25,001 to 50,000",,100.0,2464.99
Residential,Asia-Pacific,2324 to 4645,"25,001 to 50,000",,100.0,2464.99
Residential,Asia-Pacific,2324 to 4645,"25,001 to 50,000",,100.0,2464.99
Residential,Europe,93 or less,"1,000 or less",,70.0,1108.21
Residential,Europe,93 or less,"1,000 or less",,70.0,1108.21
Residential,Europe,93 or less,"1,000 or less",,70.0,1108.21
Commercial,Asia-Pacific,466 to 929,"5,001 to 10,000",1 to 6,60.0,443.2
Residential,Asia-Pacific,,,,50.0,
Commercial,North America,930 to 2323,"10,001 to 25,000",1 to 6,75.0,210.63
Commercial,North America,18581 to 46451,"200,001 to 500,000",15 to 25,75.0,172.53
Commercial,North America,4646 to 9290,"50,001 to 100,000",1 to 6,75.0,156.25
Commercial,North America,9291 to 18580,"100,001 to 200,000",1 to 6,75.0,118.51
Commercial,North America,4646 to 9290,"50,001 to 100,000",1 to 6,75.0,98.78
Residential,North America,9291 to 18580,"100,001 to 200,000",7 to 14,75.0,88.54
Residential,North America,18581 to 46451,"200,001 to 500,000",7 to 14,75.0,83.78
Residential,North America,94 to 465,"1,001 to 5,000",1 to 6,75.0,75.26
Commercial,North America,930 to 2323,"10,001 to 25,000",1 to 6,75.0,51.45
Commercial,North America,9291 to 18580,"100,001 to 200,000",15 to 25,75.0,49.88
Residential,North America,4646 to 9290,"50,001 to 100,000",1 to 6,75.0,42.47
Residential,North America,94 to 465,"1,001 to 5,000",1 to 6,75.0,32.21
Commercial,,18581 to 46451,"200,001 to 500,000",15 to 25,,609.0
Commercial,,9291 to 18580,"100,001 to 200,000",7 to 14,,297.0
Commercial,,18581 to 46451,"200,001 to 500,000",1 to 6,,260.0
Commercial,,9291 to 18580,"100,001 to 200,000",1 to 6,,217.0
Commercial,,9291 to 18580,"100,001 to 200,000",15 to 25,,209.0
Commercial,,18581 to 46451,"200,001 to 500,000",15 to 25,,205.0
Commercial,,18581 to 46451,"200,001 to 500,000",7 to 14,,164.0
Residential,Asia-Pacific,4646 to 9290,"50,001 to 100,000",7 to 14,60.0,536.4
Residential,Asia-Pacific,4646 to 9290,"50,001 to 100,000",1 to 6,60.0,383.5
Commercial,Middle East,Over 92903,Over 1 million,More than 25,20.0,579.01
Commercial,North America,2324 to 4645,"25,001 to 50,000",1 to 6,20.0,397.33
Residential,North America,94 to 465,"1,001 to 5,000",1 to 6,,244.31
Residential,North America,94 to 465,"1,001 to 5,000",1 to 6,,193.29
Residential,North America,94 to 465,"1,001 to 5,000",1 to 6,,139.93
Residential,North America,94 to 465,"1,001 to 5,000",1 to 6,,106.77
Residential,North America,2324 to 4645,"25,001 to 50,000",1 to 6,60.0,154.01
Residential,North America,2324 to 4645,"25,001 to 50,000",1 to 6,60.0,84.58
Residential ,North America,94 to 465,"1,001 to 5,000",1 to 6,60.0,266.67
Residential ,North America,94 to 465,"1,001 to 5,000",1 to 6,60.0,258.18
Residential ,North America,94 to 465,"1,001 to 5,000",1 to 6,60.0,258.0
Residential ,North America,94 to 465,"1,001 to 5,000",1 to 6,60.0,256.0
Residential ,North America,94 to 465,"1,001 to 5,000",1 to 6,60.0,253.53
Residential ,North America,94 to 465,"1,001 to 5,000",1 to 6,60.0,250.91
Residential ,North America,94 to 465,"1,001 to 5,000",1 to 6,60.0,248.13
Residential ,North America,94 to 465,"1,001 to 5,000",1 to 6,60.0,245.63
Residential ,North America,94 to 465,"1,001 to 5,000",1 to 6,60.0,240.0
Residential ,North America,94 to 465,"1,001 to 5,000",1 to 6,60.0,236.15
Residential ,North America,94 to 465,"1,001 to 5,000",1 to 6,60.0,233.0
Residential ,North America,94 to 465,"1,001 to 5,000",1 to 6,60.0,232.73
Residential ,North America,94 to 465,"1,001 to 5,000",1 to 6,60.0,229.33
Residential ,North America,94 to 465,"1,001 to 5,000",1 to 6,60.0,228.18
Residential ,North America,94 to 465,"1,001 to 5,000",1 to 6,60.0,225.45
Residential ,North America,94 to 465,"1,001 to 5,000",1 to 6,60.0,224.62
Residential ,North America,94 to 465,"1,001 to 5,000",1 to 6,60.0,222.5
Residential ,North America,94 to 465,"1,001 to 5,000",1 to 6,60.0,218.13
Residential ,North America,94 to 465,"1,001 to 5,000",1 to 6,60.0,212.31
Residential ,North America,94 to 465,"1,001 to 5,000",1 to 6,60.0,210.0
Residential ,North America,94 to 465,"1,001 to 5,000",1 to 6,60.0,204.55
Residential ,North America,94 to 465,"1,001 to 5,000",1 to 6,60.0,204.29
Residential ,North America,94 to 465,"1,001 to 5,000",1 to 6,60.0,202.31
Residential ,North America,94 to 465,"1,001 to 5,000",1 to 6,60.0,201.33
Residential ,North America,94 to 465,"1,001 to 5,000",1 to 6,60.0,198.67
Residential ,North America,94 to 465,"1,001 to 5,000",1 to 6,60.0,195.71
Residential ,North America,94 to 465,"1,001 to 5,000",1 to 6,60.0,195.0
Residential ,North America,94 to 465,"1,001 to 5,000",1 to 6,60.0,182.0
Residential ,North America,94 to 465,"1,001 to 5,000",1 to 6,60.0,178.0
Residential ,North America,94 to 465,"1,001 to 5,000",1 to 6,60.0,177.14
Commercial,North America,930 to 2323,"10,001 to 25,000",1 to 6,75.0,623.88
Commercial,North America,4646 to 9290,"50,001 to 100,000",1 to 6,60.0,274.23
Commercial,North America,930 to 2323,"10,001 to 25,000",1 to 6,50.0,259.57
Commercial,North America,4646 to 9290,"50,001 to 100,000",1 to 6,60.0,259.35
Commercial,North America,4646 to 9290,"50,001 to 100,000",7 to 14,50.0,154.34
NonCommercial,North America,930 to 2323,"10,001 to 25,000",1 to 6,60.0,
Commercial,North America,4646 to 9290,"50,001 to 100,000",1 to 6,60.0,
Commercial,North America,4646 to 9290,"50,001 to 100,000",1 to 6,73.0,
Commercial,North America,4646 to 9290,"50,001 to 100,000",1 to 6,60.0,
Commercial,North America,4646 to 9290,"50,001 to 100,000",1 to 6,73.0,
Commercial,North America,4646 to 9290,"50,001 to 100,000",1 to 6,60.0,
Commercial,North America,4646 to 9290,"50,001 to 100,000",1 to 6,73.0,
Commercial,North America,4646 to 9290,"50,001 to 100,000",1 to 6,60.0,
Commercial,North America,4646 to 9290,"50,001 to 100,000",1 to 6,73.0,
Commercial,North America,4646 to 9290,"50,001 to 100,000",1 to 6,60.0,
Commercial,North America,4646 to 9290,"50,001 to 100,000",1 to 6,73.0,
Commercial,North America,4646 to 9290,"50,001 to 100,000",1 to 6,60.0,
Commercial,North America,4646 to 9290,"50,001 to 100,000",1 to 6,73.0,
Commercial,North America,4646 to 9290,"50,001 to 100,000",1 to 6,60.0,
Commercial,North America,4646 to 9290,"50,001 to 100,000",1 to 6,73.0,
Commercial,North America,4646 to 9290,"50,001 to 100,000",1 to 6,60.0,
Commercial,North America,4646 to 9290,"50,001 to 100,000",1 to 6,73.0,
Commercial,North America,4646 to 9290,"50,001 to 100,000",1 to 6,60.0,
Commercial,North America,4646 to 9290,"50,001 to 100,000",1 to 6,73.0,
Commercial,North America,4646 to 9290,"50,001 to 100,000",1 to 6,60.0,
Commercial,North America,4646 to 9290,"50,001 to 100,000",1 to 6,73.0,
Commercial,North America,2324 to 4645,"25,001 to 50,000",1 to 6,,
Commercial,North America,2324 to 4645,"25,001 to 50,000",1 to 6,,
Commercial,North America,2324 to 4645,"25,001 to 50,000",1 to 6,,
Commercial,North America,2324 to 4645,"25,001 to 50,000",1 to 6,60.0,905.0
Commercial,North America,2324 to 4645,"25,001 to 50,000",1 to 6,100.0,340.29
Commercial,North America,2324 to 4645,"25,001 to 50,000",1 to 6,100.0,336.85
Commercial,North America,2324 to 4645,"25,001 to 50,000",1 to 6,100.0,248.9
Commercial,North America,2324 to 4645,"25,001 to 50,000",1 to 6,100.0,
Residential,North America,94 to 465,"1,001 to 5,000",,60.0,746.64
Commercial,North America,9291 to 18580,"100,001 to 200,000",,,710.91
Commercial,North America,2324 to 4645,"25,001 to 50,000",,,608.58
Commercial,North America,9291 to 18580,"100,001 to 200,000",,,551.2
Commercial,North America,94 to 465,"1,001 to 5,000",,60.0,494.32
Commercial,North America,9291 to 18580,"100,001 to 200,000",,,437.51
Commercial,North America,94 to 465,"1,001 to 5,000",,60.0,363.87
Commercial,North America,9291 to 18580,"100,001 to 200,000",,60.0,240.03
Residential ,North America,466 to 929,"5,001 to 10,000",,,150.9
Residential ,North America,466 to 929,"5,001 to 10,000",,,113.96
,,93 or less,"1,000 or less",,,638.11
Commercial,North America,18581 to 46451,"200,001 to 500,000",,100.0,574.12
Commercial,North America,2324 to 4645,"25,001 to 50,000",,60.0,496.41
Commercial,North America,18581 to 46451,"200,001 to 500,000",,,495.51
Commercial,North America,4646 to 9290,"50,001 to 100,000",,100.0,450.67
Commercial,North America,4646 to 9290,"50,001 to 100,000",,100.0,435.44
Commercial,North America,930 to 2323,"10,001 to 25,000",,100.0,411.89
Commercial,North America,4646 to 9290,"50,001 to 100,000",,100.0,409.47
,,93 or less,"1,000 or less",,,396.07
,,9291 to 18580,"100,001 to 200,000",,,349.55
Commercial,North America,4646 to 9290,"50,001 to 100,000",,60.0,342.52
Commercial,North America,9291 to 18580,"100,001 to 200,000",,100.0,335.82
,,4646 to 9290,"50,001 to 100,000",,,324.75
Commercial,North America,4646 to 9290,"50,001 to 100,000",,,320.22
Commercial,North America,9291 to 18580,"100,001 to 200,000",,,312.53
Commercial,North America,4646 to 9290,"50,001 to 100,000",,100.0,306.23
Commercial,North America,9291 to 18580,"100,001 to 200,000",,60.0,297.93
Commercial,North America,9291 to 18580,"100,001 to 200,000",,,282.3
Commercial,North America,18581 to 46451,"200,001 to 500,000",,,261.91
Commercial,North America,9291 to 18580,"100,001 to 200,000",,100.0,232.21
Commercial,North America,4646 to 9290,"50,001 to 100,000",,100.0,222.19
Commercial,North America,9291 to 18580,"100,001 to 200,000",,60.0,213.43
Commercial,North America,18581 to 46451,"200,001 to 500,000",,60.0,196.66
,,18581 to 46451,"200,001 to 500,000",,,195.57
,,94 to 465,"1,001 to 5,000",,,137.69
Commercial,North America,9291 to 18580,"100,001 to 200,000",,,131.32
Commercial,North America,4646 to 9290,"50,001 to 100,000",,,117.03
,,94 to 465,"1,001 to 5,000",,,113.87
Commercial,North America,18581 to 46451,"200,001 to 500,000",,100.0,109.11
Commercial,North America,18581 to 46451,"200,001 to 500,000",,60.0,102.71
Commercial,North America,2324 to 4645,"25,001 to 50,000",,,79.82
Commercial,North America,2324 to 4645,"25,001 to 50,000",,40.0,68.81
Residential,Europe,94 to 465,"1,001 to 5,000",1 to 6,50.0,1465.0
Residential,Asia-Pacific,9291 to 18580,"100,001 to 200,000",More than 25,100.0,926.0
Residential,Asia-Pacific,2324 to 4645,"25,001 to 50,000",7 to 14,50.0,864.06
Commercial,North America,9291 to 18580,"100,001 to 200,000",7 to 14,,837.2
Commercial,Asia-Pacific,18581 to 46451,"200,001 to 500,000",7 to 14,50.0,803.15
Residential,Asia-Pacific,4646 to 9290,"50,001 to 100,000",More than 25,,737.31
Residential,Asia-Pacific,4646 to 9290,"50,001 to 100,000",More than 25,,716.09
Residential,Asia-Pacific,4646 to 9290,"50,001 to 100,000",More than 25,,703.43
Residential,Asia-Pacific,4646 to 9290,"50,001 to 100,000",More than 25,,687.54
Residential,Asia-Pacific,9291 to 18580,"100,001 to 200,000",More than 25,,667.98
Residential,Asia-Pacific,9291 to 18580,"100,001 to 200,000",More than 25,,657.93
Residential,Asia-Pacific,9291 to 18580,"100,001 to 200,000",More than 25,,641.22
Residential,Asia-Pacific,2324 to 4645,"25,001 to 50,000",15 to 25,60.0,634.21
Residential,Asia-Pacific,2324 to 4645,"25,001 to 50,000",7 to 14,50.0,629.47
Residential,Asia-Pacific,9291 to 18580,"100,001 to 200,000",More than 25,,626.96
Residential,Europe,93 or less,"1,000 or less",1 to 6,,612.0
Commercial,North America,4646 to 9290,"50,001 to 100,000",7 to 14,75.0,591.78
Residential,Asia-Pacific,2324 to 4645,"25,001 to 50,000",7 to 14,50.0,578.24
Commercial,North America,466 to 929,"5,001 to 10,000",1 to 6,50.0,549.49
Residential,Europe,93 or less,"1,000 or less",1 to 6,,535.0
Commercial,North America,466 to 929,"5,001 to 10,000",1 to 6,50.0,522.18
Commercial,North America,466 to 929,"5,001 to 10,000",1 to 6,50.0,517.06
Residential,Asia-Pacific,2324 to 4645,"25,001 to 50,000",15 to 25,60.0,488.57
Residential,Asia-Pacific,9291 to 18580,"100,001 to 200,000",More than 25,100.0,462.0
Commercial,North America,466 to 929,"5,001 to 10,000",1 to 6,50.0,450.51
Residential,Asia-Pacific,9291 to 18580,"100,001 to 200,000",More than 25,100.0,443.0
Residential,Europe,93 or less,"1,000 or less",1 to 6,,405.0
Residential,Europe,94 to 465,"1,001 to 5,000",1 to 6,50.0,385.0
Residential,Europe,94 to 465,"1,001 to 5,000",1 to 6,50.0,362.07
Commercial,North America,466 to 929,"5,001 to 10,000",1 to 6,50.0,354.95
Residential,Asia-Pacific,93 or less,"1,000 or less",1 to 6,,326.1
Residential,Europe,2324 to 4645,"25,001 to 50,000",7 to 14,100.0,314.0
Residential,Europe,2324 to 4645,"25,001 to 50,000",7 to 14,50.0,314.0
Residential,Europe,93 or less,"1,000 or less",1 to 6,50.0,273.15
Residential,Europe,94 to 465,"1,001 to 5,000",1 to 6,50.0,200.0
Commercial,North America,4646 to 9290,"50,001 to 100,000",1 to 6,60.0,199.29
Residential,Europe,93 or less,"1,000 or less",1 to 6,50.0,179.03
Residential,Europe,94 to 465,"1,001 to 5,000",1 to 6,50.0,170.0
Residential,Asia-Pacific,93 or less,"1,000 or less",1 to 6,,168.9
Residential,Europe,930 to 2323,"10,001 to 25,000",1 to 6,,
Residential,Europe,930 to 2323,"10,001 to 25,000",1 to 6,,
Residential,Europe,930 to 2323,"10,001 to 25,000",1 to 6,,
Residential,Europe,930 to 2323,"10,001 to 25,000",1 to 6,,
Residential,Europe,930 to 2323,"10,001 to 25,000",1 to 6,,
Residential,Europe,930 to 2323,"10,001 to 25,000",1 to 6,,
Residential,Europe,930 to 2323,"10,001 to 25,000",1 to 6,,
Residential,Europe,930 to 2323,"10,001 to 25,000",1 to 6,,
Residential,Europe,930 to 2323,"10,001 to 25,000",1 to 6,,
Commercial,Europe,46452 to 92903,"500,001 to 1 million",1 to 6,25.0,
Residential,Asia-Pacific,2324 to 4645,"25,001 to 50,000",1 to 6,,
Residential,Asia-Pacific,2324 to 4645,"25,001 to 50,000",1 to 6,,
Commercial,North America,4646 to 9290,"50,001 to 100,000",1 to 6,60.0,
Commercial,North America,4646 to 9290,"50,001 to 100,000",1 to 6,60.0,
Commercial,North America,4646 to 9290,"50,001 to 100,000",1 to 6,60.0,
Commercial,North America,4646 to 9290,"50,001 to 100,000",1 to 6,60.0,
Commercial,North America,4646 to 9290,"50,001 to 100,000",1 to 6,60.0,
Commercial,North America,4646 to 9290,"50,001 to 100,000",1 to 6,60.0,
Commercial,North America,4646 to 9290,"50,001 to 100,000",1 to 6,60.0,
Commercial,North America,4646 to 9290,"50,001 to 100,000",1 to 6,60.0,
Commercial,North America,4646 to 9290,"50,001 to 100,000",1 to 6,60.0,
Commercial,North America,4646 to 9290,"50,001 to 100,000",1 to 6,60.0,
Commercial ,North America,18581 to 46451,"200,001 to 500,000",1 to 6,,
Commercial ,North America,18581 to 46451,"200,001 to 500,000",1 to 6,,
Commercial,North America,9291 to 18580,"100,001 to 200,000",7 to 14,60.0,
Commercial,North America,9291 to 18580,"100,001 to 200,000",7 to 14,60.0,
Commercial,North America,9291 to 18580,"100,001 to 200,000",7 to 14,60.0,
Commercial,North America,9291 to 18580,"100,001 to 200,000",7 to 14,60.0,
Commercial,North America,4646 to 9290,"50,001 to 100,000",1 to 6,60.0,
Commercial,North America,4646 to 9290,"50,001 to 100,000",1 to 6,60.0,
Commercial,North America,4646 to 9290,"50,001 to 100,000",1 to 6,60.0,
Commercial,North America,4646 to 9290,"50,001 to 100,000",1 to 6,60.0,
Commercial,North America,4646 to 9290,"50,001 to 100,000",1 to 6,,
Commercial,North America,4646 to 9290,"50,001 to 100,000",1 to 6,,
Commercial,North America,4646 to 9290,"50,001 to 100,000",1 to 6,60.0,
Commercial,North America,4646 to 9290,"50,001 to 100,000",1 to 6,60.0,
Commercial,North America,9291 to 18580,"100,001 to 200,000",1 to 6,60.0,
Commercial,North America,9291 to 18580,"100,001 to 200,000",1 to 6,60.0,
Commercial,North America,18581 to 46451,"200,001 to 500,000",1 to 6,60.0,
Commercial,North America,18581 to 46451,"200,001 to 500,000",1 to 6,60.0,
Commercial,North America,9291 to 18580,"100,001 to 200,000",7 to 14,60.0,
Commercial,North America,9291 to 18580,"100,001 to 200,000",7 to 14,60.0,
Commercial,North America,4646 to 9290,"50,001 to 100,000",1 to 6,,
Commercial,North America,4646 to 9290,"50,001 to 100,000",1 to 6,,
Commercial ,North America,18581 to 46451,"200,001 to 500,000",1 to 6,,
Commercial ,North America,18581 to 46451,"200,001 to 500,000",1 to 6,,
Commercial,North America,18581 to 46451,"200,001 to 500,000",1 to 6,60.0,
Commercial,North America,18581 to 46451,"200,001 to 500,000",1 to 6,60.0,
Commercial ,North America,9291 to 18580,"100,001 to 200,000",7 to 14,60.0,
Commercial ,North America,4646 to 9290,"50,001 to 100,000",1 to 6,60.0,
Commercial,North America,4646 to 9290,"50,001 to 100,000",1 to 6,60.0,
Commercial,North America,4646 to 9290,"50,001 to 100,000",1 to 6,60.0,
Commercial,North America,9291 to 18580,"100,001 to 200,000",7 to 14,60.0,
Commercial,North America,9291 to 18580,"100,001 to 200,000",7 to 14,60.0,
Commercial,North America,4646 to 9290,"50,001 to 100,000",1 to 6,60.0,
Commercial,North America,4646 to 9290,"50,001 to 100,000",1 to 6,60.0,
Commercial,North America,4646 to 9290,"50,001 to 100,000",1 to 6,60.0,
Commercial,North America,4646 to 9290,"50,001 to 100,000",1 to 6,60.0,
Commercial,North America,9291 to 18580,"100,001 to 200,000",1 to 6,60.0,
Commercial,North America,9291 to 18580,"100,001 to 200,000",1 to 6,60.0,
Residential ,North America,94 to 465,"1,001 to 5,000",1 to 6,50.0,185.89
Residential ,North America,94 to 465,"1,001 to 5,000",1 to 6,50.0,181.18
Commercial,North America,9291 to 18580,"100,001 to 200,000",1 to 6,,
Commercial,North America,9291 to 18580,"100,001 to 200,000",1 to 6,,
Commercial,North America,9291 to 18580,"100,001 to 200,000",1 to 6,50.0,
Commercial,North America,9291 to 18580,"100,001 to 200,000",1 to 6,50.0,
Commercial,North America,9291 to 18580,"100,001 to 200,000",1 to 6,60.0,
Commercial,North America,9291 to 18580,"100,001 to 200,000",1 to 6,60.0,
Commercial ,North America,4646 to 9290,"50,001 to 100,000",1 to 6,75.0,
Commercial,North America,4646 to 9290,"50,001 to 100,000",1 to 6,75.0,
Residential ,North America,94 to 465,"1,001 to 5,000",1 to 6,50.0,
Residential ,North America,94 to 465,"1,001 to 5,000",1 to 6,50.0,
,,,,,,
